"","start_datetime","end_datetime","In","midpoint","StartDate","EndDate","pink0_wild_num","chum0_mixed_num","steelheadsmolt_wild_num","steelheadsmolt_hatchery_num","coho1_mixed_num","coho1_hatchery_num","coho0_wild_num","chinook1_wild_num","chinook1_hatchery_num","chinook0_wild_num","chinook0_hatchery_num"
"1",2022-01-19 12:30:00,2022-01-20 09:00:00,20.5,2022-01-19 22:45:00,2022-01-19,2022-01-20,26,0,0,0,0,0,0,0,0,5,0
"2",2022-01-20 09:00:00,2022-01-20 14:50:00,5.83333333333333,2022-01-20 11:55:00,2022-01-20,2022-01-20,8,0,0,0,0,0,0,0,0,1,0
"3",2022-01-22 14:10:00,2022-01-23 08:00:00,17.8333333333333,2022-01-22 23:05:00,2022-01-22,2022-01-23,17,0,0,0,0,0,0,0,0,8,0
"4",2022-01-23 08:00:00,2022-01-23 16:00:00,8,2022-01-23 12:00:00,2022-01-23,2022-01-23,5,0,0,0,0,0,0,0,0,0,0
"5",2022-01-23 16:00:00,2022-01-24 08:30:00,16.5,2022-01-24 00:15:00,2022-01-23,2022-01-24,14,0,0,0,0,0,0,0,0,2,0
"6",2022-01-24 08:30:00,2022-01-24 16:30:00,8,2022-01-24 12:30:00,2022-01-24,2022-01-24,2,0,0,0,0,0,0,0,0,2,0
"7",2022-01-24 16:30:00,2022-01-25 08:40:00,16.1666666666667,2022-01-25 00:35:00,2022-01-24,2022-01-25,48,0,0,0,0,0,1,0,0,14,0
"8",2022-01-25 08:40:00,2022-01-25 16:10:00,7.5,2022-01-25 12:25:00,2022-01-25,2022-01-25,2,0,0,0,0,0,0,0,0,1,0
"9",2022-01-25 16:10:00,2022-01-26 08:20:00,16.1666666666667,2022-01-26 00:15:00,2022-01-25,2022-01-26,27,0,0,0,1,0,2,0,0,6,0
"10",2022-01-26 08:20:00,2022-01-26 16:45:00,8.41666666666667,2022-01-26 12:32:30,2022-01-26,2022-01-26,1,0,0,0,0,0,0,0,0,0,0
"11",2022-01-26 16:45:00,2022-01-27 08:30:00,15.75,2022-01-27 00:37:30,2022-01-26,2022-01-27,7,0,0,0,1,0,3,0,0,2,0
"12",2022-01-27 08:30:00,2022-01-27 17:00:00,8.5,2022-01-27 12:45:00,2022-01-27,2022-01-27,1,0,0,0,0,0,0,0,0,0,0
"13",2022-01-27 17:00:00,2022-01-28 08:20:00,15.3333333333333,2022-01-28 00:40:00,2022-01-27,2022-01-28,7,0,0,0,2,1,0,0,0,0,0
"14",2022-01-28 08:20:00,2022-01-28 16:45:00,8.41666666666667,2022-01-28 12:32:30,2022-01-28,2022-01-28,3,0,0,0,0,0,0,0,0,0,0
"15",2022-01-28 16:45:00,2022-01-29 08:30:00,15.75,2022-01-29 00:37:30,2022-01-28,2022-01-29,4,0,0,0,2,1,0,0,0,1,0
"16",2022-01-29 08:30:00,2022-01-29 16:30:00,8,2022-01-29 12:30:00,2022-01-29,2022-01-29,4,1,0,0,0,0,0,0,0,3,0
"17",2022-01-29 16:30:00,2022-01-30 08:15:00,15.75,2022-01-30 00:22:30,2022-01-29,2022-01-30,13,0,0,0,6,0,0,0,0,1,0
"18",2022-01-30 16:35:00,2022-01-31 08:20:00,15.75,2022-01-31 00:27:30,2022-01-30,2022-01-31,45,2,0,0,0,0,1,0,0,4,0
"19",2022-01-31 08:20:00,2022-01-31 16:45:00,8.41666666666667,2022-01-31 12:32:30,2022-01-31,2022-01-31,4,0,0,0,0,0,0,0,0,0,0
"20",2022-01-31 16:45:00,2022-02-01 08:15:00,15.5,2022-02-01 00:30:00,2022-01-31,2022-02-01,27,1,0,0,1,0,0,0,0,4,0
"21",2022-02-01 08:15:00,2022-02-01 16:50:00,8.58333333333333,2022-02-01 12:32:30,2022-02-01,2022-02-01,20,0,0,0,0,0,1,0,0,5,0
"22",2022-02-01 16:50:00,2022-02-02 08:15:00,15.4166666666667,2022-02-02 00:32:30,2022-02-01,2022-02-02,30,0,1,0,0,0,0,0,0,5,0
"23",2022-02-02 08:15:00,2022-02-02 17:00:00,8.75,2022-02-02 12:37:30,2022-02-02,2022-02-02,6,0,0,0,0,0,0,0,0,2,0
"24",2022-02-02 17:00:00,2022-02-03 08:55:00,15.9166666666667,2022-02-03 00:57:30,2022-02-02,2022-02-03,53,0,0,0,2,0,0,0,0,2,0
"25",2022-02-03 08:55:00,2022-02-03 17:10:00,8.25,2022-02-03 13:02:30,2022-02-03,2022-02-03,8,0,0,0,0,0,0,0,0,2,0
"26",2022-02-03 17:10:00,2022-02-04 08:20:00,15.1666666666667,2022-02-04 00:45:00,2022-02-03,2022-02-04,66,3,0,0,1,0,2,0,0,4,0
"27",2022-02-04 08:20:00,2022-02-04 17:00:00,8.66666666666667,2022-02-04 12:40:00,2022-02-04,2022-02-04,4,0,0,0,0,0,0,0,0,0,0
"28",2022-02-04 17:00:00,2022-02-05 08:30:00,15.5,2022-02-05 00:45:00,2022-02-04,2022-02-05,64,1,0,0,2,0,0,0,0,1,0
"29",2022-02-05 08:30:00,2022-02-05 16:45:00,8.25,2022-02-05 12:37:30,2022-02-05,2022-02-05,2,0,0,0,0,0,0,0,0,8,0
"30",2022-02-05 16:45:00,2022-02-06 08:15:00,15.5,2022-02-06 00:30:00,2022-02-05,2022-02-06,79,6,0,0,0,0,0,0,0,5,0
"31",2022-02-06 08:15:00,2022-02-06 16:50:00,8.58333333333333,2022-02-06 12:32:30,2022-02-06,2022-02-06,29,4,0,0,0,0,0,0,0,4,0
"32",2022-02-06 16:50:00,2022-02-07 08:30:00,15.6666666666667,2022-02-07 00:40:00,2022-02-06,2022-02-07,107,5,0,0,0,0,0,0,0,4,0
"33",2022-02-07 08:30:00,2022-02-07 16:40:00,8.16666666666667,2022-02-07 12:35:00,2022-02-07,2022-02-07,21,1,0,0,0,0,0,0,0,1,0
"34",2022-02-07 16:40:00,2022-02-08 08:15:00,15.5833333333333,2022-02-08 00:27:30,2022-02-07,2022-02-08,65,1,0,0,2,0,0,0,0,1,0
"35",2022-02-08 08:15:00,2022-02-08 17:00:00,8.75,2022-02-08 12:37:30,2022-02-08,2022-02-08,40,1,0,0,0,0,0,0,0,9,0
"36",2022-02-08 17:00:00,2022-02-09 08:30:00,15.5,2022-02-09 00:45:00,2022-02-08,2022-02-09,193,2,0,0,0,0,0,0,0,10,0
"37",2022-02-09 08:30:00,2022-02-09 17:10:00,8.66666666666667,2022-02-09 12:50:00,2022-02-09,2022-02-09,14,1,0,0,0,0,0,0,0,4,0
"38",2022-02-09 17:10:00,2022-02-10 08:15:00,15.0833333333333,2022-02-10 00:42:30,2022-02-09,2022-02-10,161,9,0,0,0,0,2,0,0,12,0
"39",2022-02-10 08:15:00,2022-02-10 17:00:00,8.75,2022-02-10 12:37:30,2022-02-10,2022-02-10,15,0,0,0,0,0,0,0,0,1,0
"40",2022-02-10 17:00:00,2022-02-11 08:30:00,15.5,2022-02-11 00:45:00,2022-02-10,2022-02-11,172,1,0,0,1,0,1,0,0,1,0
"41",2022-02-11 08:30:00,2022-02-11 17:10:00,8.66666666666667,2022-02-11 12:50:00,2022-02-11,2022-02-11,29,0,0,0,0,0,0,0,0,2,0
"42",2022-02-11 17:10:00,2022-02-12 08:00:00,14.8333333333333,2022-02-12 00:35:00,2022-02-11,2022-02-12,179,7,0,0,2,0,0,0,0,16,0
"43",2022-02-12 08:00:00,2022-02-12 16:50:00,8.83333333333333,2022-02-12 12:25:00,2022-02-12,2022-02-12,70,2,0,0,0,0,0,0,0,3,0
"44",2022-02-12 16:50:00,2022-02-13 08:00:00,15.1666666666667,2022-02-13 00:25:00,2022-02-12,2022-02-13,82,3,0,0,0,0,0,0,0,6,0
"45",2022-02-13 08:00:00,2022-02-13 16:50:00,8.83333333333333,2022-02-13 12:25:00,2022-02-13,2022-02-13,38,2,0,0,0,0,0,0,0,5,0
"46",2022-02-13 16:50:00,2022-02-14 08:30:00,15.6666666666667,2022-02-14 00:40:00,2022-02-13,2022-02-14,104,5,0,0,1,0,0,0,0,1,0
"47",2022-02-14 08:30:00,2022-02-14 17:00:00,8.5,2022-02-14 12:45:00,2022-02-14,2022-02-14,6,1,0,0,0,0,0,0,0,1,0
"48",2022-02-14 17:00:00,2022-02-15 08:00:00,15,2022-02-15 00:30:00,2022-02-14,2022-02-15,210,19,0,0,1,0,1,0,0,16,0
"49",2022-02-15 08:00:00,2022-02-15 17:15:00,9.25,2022-02-15 12:37:30,2022-02-15,2022-02-15,17,4,0,0,0,0,0,0,0,3,0
"50",2022-02-15 17:15:00,2022-02-16 08:10:00,14.9166666666667,2022-02-16 00:42:30,2022-02-15,2022-02-16,178,10,0,0,1,0,0,0,0,6,0
"51",2022-02-16 08:10:00,2022-02-16 17:20:00,9.16666666666667,2022-02-16 12:45:00,2022-02-16,2022-02-16,25,3,0,0,0,0,0,0,0,0,0
"52",2022-02-16 17:20:00,2022-02-17 08:00:00,14.6666666666667,2022-02-17 00:40:00,2022-02-16,2022-02-17,364,35,0,0,1,0,0,0,0,22,0
"53",2022-02-17 08:00:00,2022-02-17 17:15:00,9.25,2022-02-17 12:37:30,2022-02-17,2022-02-17,31,4,0,0,0,0,0,0,0,0,0
"54",2022-02-17 17:15:00,2022-02-18 08:00:00,14.75,2022-02-18 00:37:30,2022-02-17,2022-02-18,366,5,0,0,1,0,0,0,0,2,0
"55",2022-02-18 08:00:00,2022-02-18 17:15:00,9.25,2022-02-18 12:37:30,2022-02-18,2022-02-18,24,3,0,0,0,0,0,0,1,0,0
"56",2022-02-18 17:15:00,2022-02-19 08:10:00,14.9166666666667,2022-02-19 00:42:30,2022-02-18,2022-02-19,359,21,0,0,5,0,1,0,0,3,0
"57",2022-02-19 08:10:00,2022-02-19 17:00:00,8.83333333333333,2022-02-19 12:35:00,2022-02-19,2022-02-19,26,6,0,0,0,0,0,0,0,0,0
"58",2022-02-19 17:00:00,2022-02-20 08:00:00,15,2022-02-20 00:30:00,2022-02-19,2022-02-20,686,61,0,0,0,0,0,0,0,1,0
"59",2022-02-20 08:00:00,2022-02-20 17:00:00,9,2022-02-20 12:30:00,2022-02-20,2022-02-20,89,17,0,0,0,0,0,0,0,3,0
"60",2022-02-20 17:00:00,2022-02-21 08:00:00,15,2022-02-21 00:30:00,2022-02-20,2022-02-21,387,32,0,0,0,0,0,0,0,38,0
"61",2022-02-21 08:00:00,2022-02-21 16:50:00,8.83333333333333,2022-02-21 12:25:00,2022-02-21,2022-02-21,26,5,0,0,0,0,0,0,0,9,0
"62",2022-02-21 16:50:00,2022-02-22 07:50:00,15,2022-02-22 00:20:00,2022-02-21,2022-02-22,194,8,0,0,1,0,0,0,0,7,0
"63",2022-02-22 07:50:00,2022-02-22 17:00:00,9.16666666666667,2022-02-22 12:25:00,2022-02-22,2022-02-22,7,5,0,0,0,0,0,0,0,1,0
"64",2022-02-22 17:00:00,2022-02-23 08:30:00,15.5,2022-02-23 00:45:00,2022-02-22,2022-02-23,144,25,0,0,1,0,0,0,0,14,0
"65",2022-02-23 08:30:00,2022-02-23 17:20:00,8.83333333333333,2022-02-23 12:55:00,2022-02-23,2022-02-23,6,2,0,0,0,0,0,0,0,16,0
"66",2022-02-23 17:20:00,2022-02-24 08:00:00,14.6666666666667,2022-02-24 00:40:00,2022-02-23,2022-02-24,102,34,0,0,0,0,0,0,0,9,0
"67",2022-02-24 08:00:00,2022-02-24 17:10:00,9.16666666666667,2022-02-24 12:35:00,2022-02-24,2022-02-24,2,5,0,0,0,0,0,0,0,4,0
"68",2022-02-24 17:10:00,2022-02-25 08:00:00,14.8333333333333,2022-02-25 00:35:00,2022-02-24,2022-02-25,114,29,0,0,4,0,0,0,0,7,0
"69",2022-02-25 08:00:00,2022-02-25 17:10:00,9.16666666666667,2022-02-25 12:35:00,2022-02-25,2022-02-25,4,0,0,0,0,0,0,0,0,1,0
"70",2022-02-25 17:10:00,2022-02-26 07:55:00,14.75,2022-02-26 00:32:30,2022-02-25,2022-02-26,130,19,0,0,4,0,0,0,0,3,0
"71",2022-02-26 07:55:00,2022-02-26 17:00:00,9.08333333333333,2022-02-26 12:27:30,2022-02-26,2022-02-26,8,7,0,0,0,0,0,0,0,3,0
"72",2022-02-26 17:00:00,2022-02-27 07:50:00,14.8333333333333,2022-02-27 00:25:00,2022-02-26,2022-02-27,237,128,1,0,5,0,0,0,0,2,0
"73",2022-02-27 07:50:00,2022-02-27 17:00:00,9.16666666666667,2022-02-27 12:25:00,2022-02-27,2022-02-27,15,12,0,0,0,0,0,0,0,2,0
"74",2022-03-07 10:00:00,2022-03-07 17:30:00,7.5,2022-03-07 13:45:00,2022-03-07,2022-03-07,62,10,0,0,0,0,0,0,0,6,0
"75",2022-03-07 17:30:00,2022-03-08 08:15:00,14.75,2022-03-08 00:52:30,2022-03-07,2022-03-08,697,73,1,0,66,0,2,0,0,10,0
"76",2022-03-08 08:15:00,2022-03-08 17:10:00,8.91666666666667,2022-03-08 12:42:30,2022-03-08,2022-03-08,200,29,0,0,4,0,0,0,0,6,0
"77",2022-03-08 17:10:00,2022-03-09 08:20:00,15.1666666666667,2022-03-09 00:45:00,2022-03-08,2022-03-09,387,31,1,0,154,0,3,0,0,8,0
"78",2022-03-09 08:20:00,2022-03-09 17:50:00,9.5,2022-03-09 13:05:00,2022-03-09,2022-03-09,114,22,0,0,0,0,0,0,0,6,0
"79",2022-03-09 17:50:00,2022-03-10 11:15:00,17.4166666666667,2022-03-10 02:32:30,2022-03-09,2022-03-10,320,87,0,0,18,0,0,0,0,13,0
"80",2022-03-10 17:30:00,2022-03-11 07:50:00,14.3333333333333,2022-03-11 00:40:00,2022-03-10,2022-03-11,490,45,0,0,31,0,0,0,0,2,0
"81",2022-03-11 07:50:00,2022-03-11 17:45:00,9.91666666666667,2022-03-11 12:47:30,2022-03-11,2022-03-11,203,80,0,0,0,0,0,0,0,2,0
"82",2022-03-11 17:45:00,2022-03-12 07:00:00,13.25,2022-03-12 00:22:30,2022-03-11,2022-03-12,1159,186,0,0,17,0,0,0,0,5,0
"83",2022-03-12 07:00:00,2022-03-12 17:10:00,10.1666666666667,2022-03-12 12:05:00,2022-03-12,2022-03-12,269,90,0,0,0,0,0,0,0,3,0
"84",2022-03-12 17:10:00,2022-03-13 07:50:00,13.6666666666667,2022-03-13 00:00:00,2022-03-12,2022-03-13,2726,361,0,0,5,0,0,0,0,1,0
"85",2022-03-13 07:50:00,2022-03-13 18:00:00,10.1666666666667,2022-03-13 12:55:00,2022-03-13,2022-03-13,180,41,0,0,1,0,0,0,0,2,0
"86",2022-03-13 18:00:00,2022-03-14 07:10:00,13.1666666666667,2022-03-14 00:35:00,2022-03-13,2022-03-14,2706,185,0,0,0,0,0,0,0,6,0
"87",2022-03-14 07:10:00,2022-03-14 18:00:00,10.8333333333333,2022-03-14 12:35:00,2022-03-14,2022-03-14,323,51,0,0,0,0,0,0,0,1,1
"88",2022-03-14 18:00:00,2022-03-15 07:15:00,13.25,2022-03-15 00:37:30,2022-03-14,2022-03-15,624,91,0,0,8,0,0,0,0,4,0
"89",2022-03-15 07:15:00,2022-03-15 18:00:00,10.75,2022-03-15 12:37:30,2022-03-15,2022-03-15,482,159,0,0,0,0,0,0,0,3,0
"90",2022-03-15 18:00:00,2022-03-16 08:20:00,14.3333333333333,2022-03-16 01:10:00,2022-03-15,2022-03-16,742,113,0,0,3,0,1,0,0,3,0
"91",2022-03-16 08:20:00,2022-03-16 17:55:00,9.58333333333333,2022-03-16 13:07:30,2022-03-16,2022-03-16,733,163,0,0,0,0,0,0,0,7,0
"92",2022-03-16 17:55:00,2022-03-17 08:10:00,14.25,2022-03-17 01:02:30,2022-03-16,2022-03-17,956,310,0,0,4,0,0,0,0,4,0
"93",2022-03-17 08:10:00,2022-03-17 18:00:00,9.83333333333333,2022-03-17 13:05:00,2022-03-17,2022-03-17,431,78,0,0,0,0,0,0,0,2,0
"94",2022-03-17 18:00:00,2022-03-18 07:15:00,13.25,2022-03-18 00:37:30,2022-03-17,2022-03-18,1703,128,0,0,1,0,9,0,0,2,0
"95",2022-03-18 07:15:00,2022-03-18 18:10:00,10.9166666666667,2022-03-18 12:42:30,2022-03-18,2022-03-18,311,132,0,0,0,0,0,0,0,5,0
"96",2022-03-18 18:10:00,2022-03-19 07:20:00,13.1666666666667,2022-03-19 00:45:00,2022-03-18,2022-03-19,2271,382,0,0,2,0,2,0,0,4,0
"97",2022-03-19 07:20:00,2022-03-19 18:00:00,10.6666666666667,2022-03-19 12:40:00,2022-03-19,2022-03-19,412,216,0,0,0,0,0,0,0,1,0
"98",2022-03-19 18:00:00,2022-03-20 07:30:00,13.5,2022-03-20 00:45:00,2022-03-19,2022-03-20,2176,999,0,0,0,0,3,0,0,2,0
"99",2022-03-20 07:30:00,2022-03-20 17:55:00,10.4166666666667,2022-03-20 12:42:30,2022-03-20,2022-03-20,166,66,0,0,0,0,0,0,0,1,0
"100",2022-03-20 17:55:00,2022-03-21 07:25:00,13.5,2022-03-21 00:40:00,2022-03-20,2022-03-21,4166,489,0,0,3,0,4,0,0,2,0
"101",2022-03-21 07:25:00,2022-03-21 18:10:00,10.75,2022-03-21 12:47:30,2022-03-21,2022-03-21,327,205,0,0,0,0,0,0,0,3,0
"102",2022-03-21 18:10:00,2022-03-22 07:30:00,13.3333333333333,2022-03-22 00:50:00,2022-03-21,2022-03-22,2001,238,0,0,5,0,1,1,0,2,0
"103",2022-03-22 07:30:00,2022-03-22 18:10:00,10.6666666666667,2022-03-22 12:50:00,2022-03-22,2022-03-22,738,360,0,0,0,0,0,0,0,2,0
"104",2022-03-22 18:10:00,2022-03-23 07:30:00,13.3333333333333,2022-03-23 00:50:00,2022-03-22,2022-03-23,2703,611,0,0,1,0,7,0,0,6,0
"105",2022-03-23 07:30:00,2022-03-23 18:00:00,10.5,2022-03-23 12:45:00,2022-03-23,2022-03-23,316,134,0,0,0,0,0,0,0,1,0
"106",2022-03-23 18:00:00,2022-03-24 10:50:00,16.8333333333333,2022-03-24 02:25:00,2022-03-23,2022-03-24,1589,358,0,0,2,0,2,0,0,1,0
"107",2022-03-24 10:50:00,2022-03-25 10:10:00,23.3333333333333,2022-03-24 22:30:00,2022-03-24,2022-03-25,1656,241,0,0,3,0,6,0,0,4,0
"108",2022-03-25 10:10:00,2022-03-26 07:00:00,20.8333333333333,2022-03-25 20:35:00,2022-03-25,2022-03-26,2596,173,0,0,0,0,3,0,0,1,0
"109",2022-03-26 07:00:00,2022-03-26 18:10:00,11.1666666666667,2022-03-26 12:35:00,2022-03-26,2022-03-26,2314,428,0,0,0,0,1,0,0,6,0
"110",2022-03-26 18:10:00,2022-03-27 07:00:00,12.8333333333333,2022-03-27 00:35:00,2022-03-26,2022-03-27,1200,284,0,0,0,0,5,0,0,4,0
"111",2022-03-27 07:00:00,2022-03-27 18:30:00,11.5,2022-03-27 12:45:00,2022-03-27,2022-03-27,1458,578,0,0,2,0,0,0,0,4,0
"112",2022-03-28 06:30:00,2022-03-28 18:30:00,12,2022-03-28 12:30:00,2022-03-28,2022-03-28,791,214,0,0,0,0,0,0,0,1,0
"113",2022-03-28 18:30:00,2022-03-29 06:30:00,12,2022-03-29 00:30:00,2022-03-28,2022-03-29,4259,293,0,0,1,0,5,0,0,4,0
"114",2022-03-29 06:30:00,2022-03-29 18:25:00,11.9166666666667,2022-03-29 12:27:30,2022-03-29,2022-03-29,2685,244,0,0,0,0,0,0,0,3,0
"115",2022-03-29 18:25:00,2022-03-30 11:00:00,16.5833333333333,2022-03-30 02:42:30,2022-03-29,2022-03-30,7011,1106,0,0,0,0,5,0,1,2,0
"116",2022-04-01 17:00:00,2022-04-02 07:30:00,14.5,2022-04-02 00:15:00,2022-04-01,2022-04-02,8172,1185,0,0,1,0,2,0,0,3,0
"117",2022-04-02 07:30:00,2022-04-02 18:00:00,10.5,2022-04-02 12:45:00,2022-04-02,2022-04-02,925,146,0,0,0,0,0,0,0,0,0
"118",2022-04-02 18:00:00,2022-04-03 07:30:00,13.5,2022-04-03 00:45:00,2022-04-02,2022-04-03,12878,1581,0,0,0,0,3,0,0,5,0
"119",2022-04-03 07:30:00,2022-04-03 18:10:00,10.6666666666667,2022-04-03 12:50:00,2022-04-03,2022-04-03,547,115,0,0,0,0,0,0,0,1,0
"120",2022-04-03 18:10:00,2022-04-04 07:30:00,13.3333333333333,2022-04-04 00:50:00,2022-04-03,2022-04-04,8991,1796,0,0,0,0,3,0,0,11,0
"121",2022-04-04 07:30:00,2022-04-04 18:00:00,10.5,2022-04-04 12:45:00,2022-04-04,2022-04-04,417,305,0,0,0,0,0,0,0,3,0
"122",2022-04-05 19:00:00,2022-04-06 07:45:00,12.75,2022-04-06 01:22:30,2022-04-05,2022-04-06,4646,388,0,0,0,0,0,0,0,1,0
"123",2022-04-06 07:45:00,2022-04-06 18:00:00,10.25,2022-04-06 12:52:30,2022-04-06,2022-04-06,1136,124,0,0,0,0,0,0,0,2,0
"124",2022-04-06 18:00:00,2022-04-07 08:00:00,14,2022-04-07 01:00:00,2022-04-06,2022-04-07,6247,2997,0,0,0,0,0,2,0,0,0
"125",2022-04-07 08:00:00,2022-04-07 18:15:00,10.25,2022-04-07 13:07:30,2022-04-07,2022-04-07,647,350,0,0,0,0,0,0,0,0,0
"126",2022-04-07 18:15:00,2022-04-08 06:30:00,12.25,2022-04-08 00:22:30,2022-04-07,2022-04-08,6849,568,0,0,0,0,0,0,0,1,0
"127",2022-04-08 06:30:00,2022-04-08 18:15:00,11.75,2022-04-08 12:22:30,2022-04-08,2022-04-08,1181,317,0,0,0,0,0,0,0,1,0
"128",2022-04-08 18:15:00,2022-04-09 07:00:00,12.75,2022-04-09 00:37:30,2022-04-08,2022-04-09,6779,4276,0,0,1,0,1,0,0,4,0
"129",2022-04-09 07:00:00,2022-04-09 19:00:00,12,2022-04-09 13:00:00,2022-04-09,2022-04-09,575,75,0,0,0,0,0,0,0,0,0
"130",2022-04-09 19:00:00,2022-04-10 06:30:00,11.5,2022-04-10 00:45:00,2022-04-09,2022-04-10,9395,700,0,0,2,0,3,0,0,1,0
"131",2022-04-10 06:30:00,2022-04-10 19:15:00,12.75,2022-04-10 12:52:30,2022-04-10,2022-04-10,411,208,0,0,0,0,0,0,0,0,0
"132",2022-04-10 19:15:00,2022-04-11 07:00:00,11.75,2022-04-11 01:07:30,2022-04-10,2022-04-11,5999,1812,0,0,0,0,0,0,0,3,0
"133",2022-04-11 07:00:00,2022-04-11 18:30:00,11.5,2022-04-11 12:45:00,2022-04-11,2022-04-11,198,1046,0,0,0,0,0,0,0,1,0
"134",2022-04-15 19:00:00,2022-04-16 07:00:00,12,2022-04-16 01:00:00,2022-04-15,2022-04-16,5329,5010,0,0,1,1,1,0,0,4,0
"135",2022-04-16 07:00:00,2022-04-16 19:00:00,12,2022-04-16 13:00:00,2022-04-16,2022-04-16,176,65,0,0,0,0,0,0,0,0,0
"136",2022-04-16 19:00:00,2022-04-17 06:00:00,11,2022-04-17 00:30:00,2022-04-16,2022-04-17,2322,2680,0,0,1,0,1,0,0,8,0
"137",2022-04-17 06:00:00,2022-04-17 19:10:00,13.1666666666667,2022-04-17 12:35:00,2022-04-17,2022-04-17,450,263,0,0,0,0,0,0,0,1,0
"138",2022-04-18 07:30:00,2022-04-18 07:30:00,0,2022-04-18 07:30:00,2022-04-18,2022-04-18,3264,359,0,0,0,0,1,0,1,2,0
"139",2022-04-18 07:30:00,2022-04-18 18:45:00,11.25,2022-04-18 13:07:30,2022-04-18,2022-04-18,163,159,0,0,0,0,0,0,0,0,0
"140",2022-04-18 18:45:00,2022-04-19 07:35:00,12.8333333333333,2022-04-19 01:10:00,2022-04-18,2022-04-19,3658,1675,0,0,0,0,1,0,0,1,0
"141",2022-04-21 19:00:00,2022-04-22 07:35:00,12.5833333333333,2022-04-22 01:17:30,2022-04-21,2022-04-22,5041,363,0,0,6,0,0,0,0,0,0
"142",2022-04-22 07:35:00,2022-04-22 19:00:00,11.4166666666667,2022-04-22 13:17:30,2022-04-22,2022-04-22,44,67,0,0,0,0,0,0,0,0,0
"143",2022-04-22 19:00:00,2022-04-23 07:00:00,12,2022-04-23 01:00:00,2022-04-22,2022-04-23,4039,212,0,0,11,0,0,0,0,0,0
"144",2022-04-23 07:00:00,2022-04-23 19:15:00,12.25,2022-04-23 13:07:30,2022-04-23,2022-04-23,471,149,0,0,0,0,0,0,0,0,0
"145",2022-04-23 19:15:00,2022-04-24 07:00:00,11.75,2022-04-24 01:07:30,2022-04-23,2022-04-24,4398,166,0,0,8,0,0,0,0,0,0
"146",2022-04-24 07:00:00,2022-04-24 19:00:00,12,2022-04-24 13:00:00,2022-04-24,2022-04-24,112,75,0,0,2,0,0,0,0,0,0
"147",2022-04-24 19:00:00,2022-04-25 07:20:00,12.3333333333333,2022-04-25 01:10:00,2022-04-24,2022-04-25,4053,57,0,1,6,0,0,0,0,0,0
"148",2022-04-25 07:20:00,2022-04-25 19:00:00,11.6666666666667,2022-04-25 13:10:00,2022-04-25,2022-04-25,64,33,0,0,0,0,0,0,0,0,0
"149",2022-04-25 19:00:00,2022-04-26 07:15:00,12.25,2022-04-26 01:07:30,2022-04-25,2022-04-26,7010,2563,0,0,16,0,0,0,0,0,0
"150",2022-04-26 07:15:00,2022-04-26 18:30:00,11.25,2022-04-26 12:52:30,2022-04-26,2022-04-26,652,202,0,0,1,0,0,0,0,0,0
"151",2022-04-26 18:30:00,2022-04-27 07:40:00,13.1666666666667,2022-04-27 01:05:00,2022-04-26,2022-04-27,5152,645,0,0,12,0,0,0,0,0,0
"152",2022-04-27 07:40:00,2022-04-27 18:45:00,11.0833333333333,2022-04-27 13:12:30,2022-04-27,2022-04-27,232,101,0,0,1,0,0,0,0,0,0
"153",2022-04-27 18:45:00,2022-04-28 07:45:00,13,2022-04-28 01:15:00,2022-04-27,2022-04-28,3698,192,0,0,33,0,0,0,0,0,0
"154",2022-04-28 07:45:00,2022-04-28 19:00:00,11.25,2022-04-28 13:22:30,2022-04-28,2022-04-28,101,25,0,0,2,0,0,0,0,0,0
"155",2022-04-28 19:00:00,2022-04-29 07:35:00,12.5833333333333,2022-04-29 01:17:30,2022-04-28,2022-04-29,2586,323,0,0,15,0,0,0,0,0,0
"156",2022-04-29 07:35:00,2022-04-29 19:00:00,11.4166666666667,2022-04-29 13:17:30,2022-04-29,2022-04-29,283,74,0,0,4,0,0,0,0,0,0
"157",2022-04-29 19:00:00,2022-04-30 07:30:00,12.5,2022-04-30 01:15:00,2022-04-29,2022-04-30,3142,33,0,0,20,0,0,0,0,0,0
"158",2022-04-30 07:30:00,2022-04-30 19:15:00,11.75,2022-04-30 13:22:30,2022-04-30,2022-04-30,544,41,0,0,0,0,1,0,0,1,0
"159",2022-04-30 19:15:00,2022-05-01 07:00:00,11.75,2022-05-01 01:07:30,2022-04-30,2022-05-01,3857,600,0,0,11,0,0,0,0,0,0
"160",2022-05-01 07:00:00,2022-05-01 19:30:00,12.5,2022-05-01 13:15:00,2022-05-01,2022-05-01,239,155,0,0,1,0,0,0,0,0,0
"161",2022-05-01 19:30:00,2022-05-02 07:00:00,11.5,2022-05-02 01:15:00,2022-05-01,2022-05-02,2259,378,0,0,4,0,0,0,0,0,0
"162",2022-05-02 07:00:00,2022-05-02 19:00:00,12,2022-05-02 13:00:00,2022-05-02,2022-05-02,278,137,0,0,1,0,0,0,0,0,0
"163",2022-05-03 07:30:00,2022-05-03 19:00:00,11.5,2022-05-03 13:15:00,2022-05-03,2022-05-03,197,104,0,0,5,0,0,0,0,0,0
"164",2022-05-03 19:00:00,2022-05-04 07:40:00,12.6666666666667,2022-05-04 01:20:00,2022-05-03,2022-05-04,880,145,0,0,25,0,0,0,0,3,0
"165",2022-05-04 07:40:00,2022-05-04 19:00:00,11.3333333333333,2022-05-04 13:20:00,2022-05-04,2022-05-04,292,42,0,0,5,0,0,0,0,3,0
"166",2022-05-04 19:00:00,2022-05-05 08:00:00,13,2022-05-05 01:30:00,2022-05-04,2022-05-05,663,75,0,0,37,0,0,0,0,2,0
"167",2022-05-05 08:00:00,2022-05-05 19:00:00,11,2022-05-05 13:30:00,2022-05-05,2022-05-05,78,16,0,0,3,0,0,0,0,0,0
"168",2022-05-05 19:00:00,2022-05-06 07:40:00,12.6666666666667,2022-05-06 01:20:00,2022-05-05,2022-05-06,202,62,0,0,42,0,1,0,0,3,0
"169",2022-05-06 07:40:00,2022-05-06 19:30:00,11.8333333333333,2022-05-06 13:35:00,2022-05-06,2022-05-06,160,150,0,0,10,0,0,0,0,5,0
"170",2022-05-06 19:30:00,2022-05-07 06:00:00,10.5,2022-05-07 00:45:00,2022-05-06,2022-05-07,15,14,0,1,218,2,0,0,1,24,0
"171",2022-05-07 06:00:00,2022-05-07 19:30:00,13.5,2022-05-07 12:45:00,2022-05-07,2022-05-07,30,174,0,0,39,0,1,0,0,23,1
"172",2022-05-07 19:30:00,2022-05-08 07:00:00,11.5,2022-05-08 01:15:00,2022-05-07,2022-05-08,14,18,1,29,51,0,0,0,0,7,0
"173",2022-05-08 07:00:00,2022-05-08 19:15:00,12.25,2022-05-08 13:07:30,2022-05-08,2022-05-08,32,23,0,0,3,0,0,0,0,3,0
"174",2022-05-08 19:15:00,2022-05-09 07:00:00,11.75,2022-05-09 01:07:30,2022-05-08,2022-05-09,10,5,0,16,17,0,1,0,0,3,0
"175",2022-05-09 07:00:00,2022-05-09 19:20:00,12.3333333333333,2022-05-09 13:10:00,2022-05-09,2022-05-09,46,16,0,0,0,0,0,0,0,1,0
"176",2022-05-09 19:20:00,2022-05-10 07:00:00,11.6666666666667,2022-05-10 01:10:00,2022-05-09,2022-05-10,4,4,3,14,39,0,0,0,0,5,0
"177",2022-05-10 07:00:00,2022-05-10 19:15:00,12.25,2022-05-10 13:07:30,2022-05-10,2022-05-10,34,106,3,1,6,0,1,0,0,3,0
"178",2022-05-10 19:15:00,2022-05-11 07:40:00,12.4166666666667,2022-05-11 01:27:30,2022-05-10,2022-05-11,8,128,10,21,323,0,0,0,0,6,0
"179",2022-05-11 07:40:00,2022-05-11 18:00:00,10.3333333333333,2022-05-11 12:50:00,2022-05-11,2022-05-11,28,52,0,0,1,0,1,0,0,0,0
"180",2022-05-11 18:00:00,2022-05-12 07:40:00,13.6666666666667,2022-05-12 00:50:00,2022-05-11,2022-05-12,14,20,0,0,16,0,0,0,0,2,0
"181",2022-05-12 07:40:00,2022-05-12 18:30:00,10.8333333333333,2022-05-12 13:05:00,2022-05-12,2022-05-12,2,26,0,0,1,0,0,0,0,0,0
"182",2022-05-12 18:30:00,2022-05-13 07:40:00,13.1666666666667,2022-05-13 01:05:00,2022-05-12,2022-05-13,2,59,2,0,30,2,0,0,0,0,0
"183",2022-05-13 07:40:00,2022-05-13 19:00:00,11.3333333333333,2022-05-13 13:20:00,2022-05-13,2022-05-13,10,3,0,0,0,0,0,0,0,0,0
"184",2022-05-13 19:00:00,2022-05-14 07:00:00,12,2022-05-14 01:00:00,2022-05-13,2022-05-14,8,2,0,0,21,0,0,0,0,1,0
"185",2022-05-14 07:00:00,2022-05-14 19:00:00,12,2022-05-14 13:00:00,2022-05-14,2022-05-14,9,7,0,0,0,0,0,0,0,1,0
"186",2022-05-14 19:00:00,2022-05-15 07:00:00,12,2022-05-15 01:00:00,2022-05-14,2022-05-15,12,3,0,0,8,0,0,0,0,3,0
"187",2022-05-15 07:00:00,2022-05-15 19:00:00,12,2022-05-15 13:00:00,2022-05-15,2022-05-15,2,0,0,0,0,0,0,0,0,0,0
"188",2022-05-15 19:00:00,2022-05-16 07:00:00,12,2022-05-16 01:00:00,2022-05-15,2022-05-16,8,1,0,1,4,0,0,0,0,2,0
"189",2022-05-16 07:00:00,2022-05-16 19:00:00,12,2022-05-16 13:00:00,2022-05-16,2022-05-16,3,7,0,0,0,0,0,0,0,0,0
"190",2022-05-16 19:00:00,2022-05-17 07:00:00,12,2022-05-17 01:00:00,2022-05-16,2022-05-17,2,4,3,1,36,0,0,0,0,2,0
"191",2022-05-17 07:00:00,2022-05-17 19:15:00,12.25,2022-05-17 13:07:30,2022-05-17,2022-05-17,1,4,0,1,3,0,0,0,0,0,0
"192",2022-05-17 19:15:00,2022-05-18 07:30:00,12.25,2022-05-18 01:22:30,2022-05-17,2022-05-18,1,1,2,1,16,1,2,0,0,0,1
"193",2022-05-18 07:30:00,2022-05-18 19:15:00,11.75,2022-05-18 13:22:30,2022-05-18,2022-05-18,3,1,0,0,1,0,0,0,0,0,0
"194",2022-05-18 19:15:00,2022-05-19 07:20:00,12.0833333333333,2022-05-19 01:17:30,2022-05-18,2022-05-19,0,1,0,2,15,0,0,0,0,2,0
"195",2022-05-19 07:20:00,2022-05-19 19:20:00,12,2022-05-19 13:20:00,2022-05-19,2022-05-19,3,10,0,0,1,0,0,0,0,2,0
"196",2022-05-19 19:20:00,2022-05-20 07:15:00,11.9166666666667,2022-05-20 01:17:30,2022-05-19,2022-05-20,0,2,1,0,13,0,0,0,0,2,0
"197",2022-05-20 07:15:00,2022-05-20 19:15:00,12,2022-05-20 13:15:00,2022-05-20,2022-05-20,2,4,0,0,1,0,0,0,0,0,0
"198",2022-05-20 19:15:00,2022-05-21 07:00:00,11.75,2022-05-21 01:07:30,2022-05-20,2022-05-21,0,1,4,2,9,0,0,0,0,2,0
"199",2022-05-21 07:00:00,2022-05-21 19:00:00,12,2022-05-21 13:00:00,2022-05-21,2022-05-21,1,3,0,0,0,0,0,0,0,0,0
"200",2022-05-21 19:00:00,2022-05-22 07:00:00,12,2022-05-22 01:00:00,2022-05-21,2022-05-22,0,0,2,3,11,0,0,0,0,3,0
"201",2022-05-22 07:00:00,2022-05-22 19:15:00,12.25,2022-05-22 13:07:30,2022-05-22,2022-05-22,0,12,0,0,3,0,0,0,0,4,0
"202",2022-05-22 19:15:00,2022-05-23 06:45:00,11.5,2022-05-23 01:00:00,2022-05-22,2022-05-23,1,0,1,0,4,0,0,0,0,1,0
"203",2022-05-23 19:00:00,2022-05-24 06:15:00,11.25,2022-05-24 00:37:30,2022-05-23,2022-05-24,0,3,0,2,8,0,0,0,0,3,0
"204",2022-05-24 06:15:00,2022-05-24 19:15:00,13,2022-05-24 12:45:00,2022-05-24,2022-05-24,0,0,0,0,3,0,0,0,0,0,0
"205",2022-05-24 19:15:00,2022-05-25 07:15:00,12,2022-05-25 01:15:00,2022-05-24,2022-05-25,0,4,0,0,2,0,0,0,0,1,0
"206",2022-05-25 07:15:00,2022-05-25 19:15:00,12,2022-05-25 13:15:00,2022-05-25,2022-05-25,0,7,0,0,0,0,0,0,0,0,0
"207",2022-05-25 19:15:00,2022-05-26 07:30:00,12.25,2022-05-26 01:22:30,2022-05-25,2022-05-26,0,1,0,0,19,0,0,0,0,1,0
"208",2022-05-26 07:30:00,2022-05-26 19:00:00,11.5,2022-05-26 13:15:00,2022-05-26,2022-05-26,0,4,0,0,0,0,0,0,0,0,0
"209",2022-05-26 19:00:00,2022-05-27 07:30:00,12.5,2022-05-27 01:15:00,2022-05-26,2022-05-27,0,9,1,1,10,0,0,0,0,8,0
"210",2022-05-27 07:30:00,2022-05-27 19:00:00,11.5,2022-05-27 13:15:00,2022-05-27,2022-05-27,0,3,0,0,0,0,0,0,0,1,0
"211",2022-05-27 19:00:00,2022-05-28 06:30:00,11.5,2022-05-28 00:45:00,2022-05-27,2022-05-28,0,0,4,1,13,0,0,0,0,8,0
"212",2022-05-28 06:30:00,2022-05-28 19:00:00,12.5,2022-05-28 12:45:00,2022-05-28,2022-05-28,0,3,1,1,5,0,1,0,0,2,0
"213",2022-05-28 19:00:00,2022-05-29 07:00:00,12,2022-05-29 01:00:00,2022-05-28,2022-05-29,0,1,1,0,10,0,1,0,0,5,0
"214",2022-05-29 07:00:00,2022-05-29 19:15:00,12.25,2022-05-29 13:07:30,2022-05-29,2022-05-29,1,0,0,0,0,0,0,0,0,4,0
"215",2022-05-29 19:15:00,2022-05-30 06:30:00,11.25,2022-05-30 00:52:30,2022-05-29,2022-05-30,0,0,0,0,12,0,0,0,0,2,0
"216",2022-05-30 06:30:00,2022-05-30 19:30:00,13,2022-05-30 13:00:00,2022-05-30,2022-05-30,0,1,0,0,0,0,0,0,0,3,0
"217",2022-05-30 19:30:00,2022-05-31 07:30:00,12,2022-05-31 01:30:00,2022-05-30,2022-05-31,0,3,1,1,8,0,1,0,0,2,0
"218",2022-05-31 07:30:00,2022-05-31 19:00:00,11.5,2022-05-31 13:15:00,2022-05-31,2022-05-31,0,2,0,0,0,0,0,0,0,1,0
"219",2022-05-31 19:00:00,2022-06-01 07:30:00,12.5,2022-06-01 01:15:00,2022-05-31,2022-06-01,0,2,1,0,7,0,0,0,0,1,0
"220",2022-06-01 19:15:00,2022-06-02 07:30:00,12.25,2022-06-02 01:22:30,2022-06-01,2022-06-02,0,1,0,0,8,0,0,0,0,2,0
"221",2022-06-02 07:30:00,2022-06-02 19:30:00,12,2022-06-02 13:30:00,2022-06-02,2022-06-02,1,0,0,0,1,0,1,0,0,0,0
"222",2022-06-02 19:30:00,2022-06-03 07:30:00,12,2022-06-03 01:30:00,2022-06-02,2022-06-03,0,1,0,0,8,1,0,0,0,3,1
"223",2022-06-03 07:30:00,2022-06-03 19:30:00,12,2022-06-03 13:30:00,2022-06-03,2022-06-03,0,0,0,0,0,0,0,0,0,1,0
"224",2022-06-03 19:30:00,2022-06-04 06:30:00,11,2022-06-04 01:00:00,2022-06-03,2022-06-04,0,1,4,1,13,0,0,0,0,10,0
"225",2022-06-04 06:30:00,2022-06-04 19:15:00,12.75,2022-06-04 12:52:30,2022-06-04,2022-06-04,1,0,1,0,7,0,0,0,0,10,0
"226",2022-06-04 19:15:00,2022-06-05 07:30:00,12.25,2022-06-05 01:22:30,2022-06-04,2022-06-05,0,1,1,0,7,0,0,0,0,4,0
"227",2022-06-05 07:30:00,2022-06-05 19:15:00,11.75,2022-06-05 13:22:30,2022-06-05,2022-06-05,0,1,0,0,0,0,0,0,0,2,0
"228",2022-06-05 19:15:00,2022-06-06 07:30:00,12.25,2022-06-06 01:22:30,2022-06-05,2022-06-06,0,2,1,1,12,0,0,0,0,16,0
"229",2022-06-06 07:30:00,2022-06-06 18:00:00,10.5,2022-06-06 12:45:00,2022-06-06,2022-06-06,0,0,0,0,0,0,0,0,0,1,0
"230",2022-06-08 10:15:00,2022-06-09 06:30:00,20.25,2022-06-08 20:22:30,2022-06-08,2022-06-09,0,0,0,1,2,0,0,0,0,5,0
"231",2022-06-11 18:00:00,2022-06-12 06:30:00,12.5,2022-06-12 00:15:00,2022-06-11,2022-06-12,0,0,0,0,1,0,0,0,0,4,0
"232",2022-06-12 06:30:00,2022-06-12 18:30:00,12,2022-06-12 12:30:00,2022-06-12,2022-06-12,0,0,0,0,5,0,1,0,0,3,0
"233",2022-06-12 18:30:00,2022-06-13 07:00:00,12.5,2022-06-13 00:45:00,2022-06-12,2022-06-13,0,0,0,0,4,0,0,0,0,5,0
"234",2022-06-13 07:00:00,2022-06-13 18:45:00,11.75,2022-06-13 12:52:30,2022-06-13,2022-06-13,0,1,0,0,0,0,0,0,0,0,0
"235",2022-06-13 18:45:00,2022-06-14 07:30:00,12.75,2022-06-14 01:07:30,2022-06-13,2022-06-14,0,0,2,0,3,0,0,0,0,13,0
"236",2022-06-14 07:30:00,2022-06-14 19:15:00,11.75,2022-06-14 13:22:30,2022-06-14,2022-06-14,0,0,0,0,0,0,0,0,0,1,0
"237",2022-06-14 19:15:00,2022-06-15 07:30:00,12.25,2022-06-15 01:22:30,2022-06-14,2022-06-15,0,0,0,0,2,0,0,0,0,4,0
"238",2022-06-15 19:30:00,2022-06-16 07:30:00,12,2022-06-16 01:30:00,2022-06-15,2022-06-16,0,1,0,0,3,0,0,0,0,7,0
"239",2022-06-16 19:30:00,2022-06-17 07:45:00,12.25,2022-06-17 01:37:30,2022-06-16,2022-06-17,0,0,1,0,9,0,0,0,0,7,0
"240",2022-06-17 07:45:00,2022-06-17 19:30:00,11.75,2022-06-17 13:37:30,2022-06-17,2022-06-17,0,1,0,0,0,0,0,0,0,1,0
"241",2022-06-17 19:30:00,2022-06-18 07:30:00,12,2022-06-18 01:30:00,2022-06-17,2022-06-18,0,2,0,1,8,0,0,0,0,13,1
"242",2022-06-18 07:30:00,2022-06-18 18:30:00,11,2022-06-18 13:00:00,2022-06-18,2022-06-18,0,0,0,0,1,0,0,0,0,0,0
"243",2022-06-18 18:30:00,2022-06-19 06:30:00,12,2022-06-19 00:30:00,2022-06-18,2022-06-19,0,1,0,0,6,0,0,0,0,8,0
"244",2022-06-19 06:30:00,2022-06-19 18:40:00,12.1666666666667,2022-06-19 12:35:00,2022-06-19,2022-06-19,0,0,0,0,0,0,0,0,0,3,0
"245",2022-06-19 18:40:00,2022-06-20 06:30:00,11.8333333333333,2022-06-20 00:35:00,2022-06-19,2022-06-20,0,0,0,0,3,0,1,0,0,7,0
"246",2022-06-20 06:30:00,2022-06-20 18:00:00,11.5,2022-06-20 12:15:00,2022-06-20,2022-06-20,0,1,0,0,0,0,0,0,0,2,1
"247",2022-06-20 18:00:00,2022-06-21 06:00:00,12,2022-06-21 00:00:00,2022-06-20,2022-06-21,0,1,0,0,1,0,0,0,0,7,0
"248",2022-06-21 06:00:00,2022-06-21 19:00:00,13,2022-06-21 12:30:00,2022-06-21,2022-06-21,0,1,0,0,1,0,0,0,0,5,0
"249",2022-06-21 19:00:00,2022-06-22 07:30:00,12.5,2022-06-22 01:15:00,2022-06-21,2022-06-22,0,0,0,0,2,0,1,0,0,1,0
"250",2022-06-22 19:15:00,2022-06-23 07:30:00,12.25,2022-06-23 01:22:30,2022-06-22,2022-06-23,0,1,0,0,1,0,0,0,0,2,0
"251",2022-06-23 07:30:00,2022-06-23 19:15:00,11.75,2022-06-23 13:22:30,2022-06-23,2022-06-23,0,0,0,0,0,0,0,0,0,1,0
"252",2022-06-23 19:15:00,2022-06-24 07:30:00,12.25,2022-06-24 01:22:30,2022-06-23,2022-06-24,0,1,0,0,1,0,0,0,0,3,0
"253",2022-06-24 07:30:00,2022-06-24 19:15:00,11.75,2022-06-24 13:22:30,2022-06-24,2022-06-24,1,0,0,0,0,0,0,0,0,0,0
"254",2022-06-24 19:15:00,2022-06-25 06:30:00,11.25,2022-06-25 00:52:30,2022-06-24,2022-06-25,0,0,0,0,1,0,0,0,0,1,0
"255",2022-06-25 19:00:00,2022-06-26 06:30:00,11.5,2022-06-26 00:45:00,2022-06-25,2022-06-26,0,1,0,0,1,0,0,0,0,2,0
"256",2022-06-26 19:10:00,2022-06-27 06:00:00,10.8333333333333,2022-06-27 00:35:00,2022-06-26,2022-06-27,0,0,0,0,1,0,0,0,0,2,0
