"","StartDate","EndDate","StartTime","EndTime","chinook0_wild_num","chinook0_hatchery_num","chinook1_wild_num","chum0_wild_num","coho0_wild_num","coho1_wild_num","coho1_hatchery_num","steelheadsmolt_wild_num","sockeye0_wild_num","sockeye1_wild_num","pink0_wild_num","start_datetime","end_datetime","In","midpoint"
"1",2015-01-28,2015-01-28,1899-12-30 12:30:00,1899-12-30 17:30:00,9,0,0,0,0,0,0,0,0,0,0,2015-01-28 12:30:00,2015-01-28 17:30:00,5,2015-01-28 15:00:00
"2",2015-01-29,2015-01-30,1899-12-30 17:30:00,1899-12-30 07:00:00,79,0,0,0,0,0,0,0,0,0,0,2015-01-29 17:30:00,2015-01-30 07:00:00,13.5,2015-01-30 00:15:00
"3",2015-01-30,2015-01-31,1899-12-30 17:30:00,1899-12-30 07:30:00,98,0,0,0,0,0,0,0,0,0,0,2015-01-30 17:30:00,2015-01-31 07:30:00,14,2015-01-31 00:30:00
"4",2015-01-31,2015-02-01,1899-12-30 17:30:00,1899-12-30 08:00:00,41,0,0,0,0,0,0,0,0,0,0,2015-01-31 17:30:00,2015-02-01 08:00:00,14.5,2015-02-01 00:45:00
"5",2015-02-01,2015-02-02,1899-12-30 20:30:00,1899-12-30 08:00:00,22,0,0,0,0,0,0,0,0,0,0,2015-02-01 20:30:00,2015-02-02 08:00:00,11.5,2015-02-02 02:15:00
"6",2015-02-02,2015-02-02,1899-12-30 08:00:00,1899-12-30 17:30:00,1,0,0,0,0,0,0,0,0,0,0,2015-02-02 08:00:00,2015-02-02 17:30:00,9.5,2015-02-02 12:45:00
"7",2015-02-02,2015-02-03,1899-12-30 17:30:00,1899-12-30 08:00:00,15,0,0,0,0,0,0,0,0,0,0,2015-02-02 17:30:00,2015-02-03 08:00:00,14.5,2015-02-03 00:45:00
"8",2015-02-03,2015-02-04,1899-12-30 17:30:00,1899-12-30 07:30:00,41,0,0,0,0,0,0,0,0,0,0,2015-02-03 17:30:00,2015-02-04 07:30:00,14,2015-02-04 00:30:00
"9",2015-02-04,2015-02-04,1899-12-30 07:45:00,1899-12-30 17:30:00,3,0,0,0,0,0,0,0,0,0,0,2015-02-04 07:45:00,2015-02-04 17:30:00,9.75,2015-02-04 12:37:30
"10",2015-02-04,2015-02-05,1899-12-30 17:45:00,1899-12-30 08:00:00,34,0,0,1,0,0,0,0,0,0,0,2015-02-04 17:45:00,2015-02-05 08:00:00,14.25,2015-02-05 00:52:30
"11",2015-02-05,2015-02-06,1899-12-30 17:30:00,1899-12-30 07:15:00,147,0,0,0,0,0,0,0,0,0,0,2015-02-05 17:30:00,2015-02-06 07:15:00,13.75,2015-02-06 00:22:30
"12",2015-02-11,2015-02-12,1899-12-30 18:00:00,1899-12-30 07:00:00,142,0,0,0,0,0,0,1,0,0,0,2015-02-11 18:00:00,2015-02-12 07:00:00,13,2015-02-12 00:30:00
"13",2015-02-12,2015-02-13,1899-12-30 18:00:00,1899-12-30 08:00:00,171,0,0,2,0,0,0,0,0,0,0,2015-02-12 18:00:00,2015-02-13 08:00:00,14,2015-02-13 01:00:00
"14",2015-02-13,2015-02-13,1899-12-30 08:10:00,1899-12-30 17:45:00,58,0,0,0,0,0,0,0,0,0,0,2015-02-13 08:10:00,2015-02-13 17:45:00,9.58333333333333,2015-02-13 12:57:30
"15",2015-02-13,2015-02-14,1899-12-30 18:00:00,1899-12-30 08:00:00,225,0,0,6,0,0,0,0,1,0,1,2015-02-13 18:00:00,2015-02-14 08:00:00,14,2015-02-14 01:00:00
"16",2015-02-14,2015-02-15,1899-12-30 18:00:00,1899-12-30 08:00:00,165,0,0,3,0,0,0,0,0,0,0,2015-02-14 18:00:00,2015-02-15 08:00:00,14,2015-02-15 01:00:00
"17",2015-02-15,2015-02-16,1899-12-30 18:00:00,1899-12-30 07:30:00,176,0,0,2,0,0,0,0,1,0,0,2015-02-15 18:00:00,2015-02-16 07:30:00,13.5,2015-02-16 00:45:00
"18",2015-02-16,2015-02-16,1899-12-30 07:45:00,1899-12-30 18:00:00,45,0,1,1,0,0,0,0,0,0,0,2015-02-16 07:45:00,2015-02-16 18:00:00,10.25,2015-02-16 12:52:30
"19",2015-02-16,2015-02-17,1899-12-30 18:45:00,1899-12-30 08:00:00,122,0,0,7,0,0,0,0,0,0,0,2015-02-16 18:45:00,2015-02-17 08:00:00,13.25,2015-02-17 01:22:30
"20",2015-02-17,2015-02-18,1899-12-30 18:00:00,1899-12-30 07:30:00,73,0,1,5,0,0,0,1,0,0,0,2015-02-17 18:00:00,2015-02-18 07:30:00,13.5,2015-02-18 00:45:00
"21",2015-02-18,2015-02-19,1899-12-30 18:00:00,1899-12-30 07:30:00,43,0,0,2,0,0,0,0,0,0,0,2015-02-18 18:00:00,2015-02-19 07:30:00,13.5,2015-02-19 00:45:00
"22",2015-02-19,2015-02-19,1899-12-30 07:40:00,1899-12-30 18:00:00,27,0,0,0,0,0,0,0,0,0,0,2015-02-19 07:40:00,2015-02-19 18:00:00,10.3333333333333,2015-02-19 12:50:00
"23",2015-02-19,2015-02-20,1899-12-30 18:10:00,1899-12-30 07:30:00,74,0,0,11,0,0,0,0,1,0,0,2015-02-19 18:10:00,2015-02-20 07:30:00,13.3333333333333,2015-02-20 00:50:00
"24",2015-02-20,2015-02-21,1899-12-30 18:00:00,1899-12-30 07:30:00,69,0,0,1,0,0,0,0,0,0,0,2015-02-20 18:00:00,2015-02-21 07:30:00,13.5,2015-02-21 00:45:00
"25",2015-02-21,2015-02-22,1899-12-30 18:00:00,1899-12-30 08:00:00,63,0,0,7,0,0,0,0,2,0,0,2015-02-21 18:00:00,2015-02-22 08:00:00,14,2015-02-22 01:00:00
"26",2015-02-22,2015-02-22,1899-12-30 08:15:00,1899-12-30 17:30:00,21,0,0,1,0,0,0,0,0,0,1,2015-02-22 08:15:00,2015-02-22 17:30:00,9.25,2015-02-22 12:52:30
"27",2015-02-22,2015-02-23,1899-12-30 17:45:00,1899-12-30 08:00:00,97,0,0,3,0,0,0,0,0,0,0,2015-02-22 17:45:00,2015-02-23 08:00:00,14.25,2015-02-23 00:52:30
"28",2015-02-23,2015-02-24,1899-12-30 18:00:00,1899-12-30 07:30:00,71,0,0,4,0,0,0,0,0,0,0,2015-02-23 18:00:00,2015-02-24 07:30:00,13.5,2015-02-24 00:45:00
"29",2015-02-24,2015-02-25,1899-12-30 18:30:00,1899-12-30 07:30:00,56,0,0,4,0,0,0,0,0,0,0,2015-02-24 18:30:00,2015-02-25 07:30:00,13,2015-02-25 01:00:00
"30",2015-02-25,2015-02-25,1899-12-30 07:40:00,1899-12-30 18:30:00,11,0,0,1,0,0,0,0,0,0,1,2015-02-25 07:40:00,2015-02-25 18:30:00,10.8333333333333,2015-02-25 13:05:00
"31",2015-02-25,2015-02-26,1899-12-30 18:40:00,1899-12-30 07:30:00,57,0,0,4,0,0,0,0,1,0,1,2015-02-25 18:40:00,2015-02-26 07:30:00,12.8333333333333,2015-02-26 01:05:00
"32",2015-02-26,2015-02-27,1899-12-30 18:30:00,1899-12-30 07:30:00,70,0,0,7,0,0,0,0,0,0,0,2015-02-26 18:30:00,2015-02-27 07:30:00,13,2015-02-27 01:00:00
"33",2015-02-27,2015-02-28,1899-12-30 18:30:00,1899-12-30 07:30:00,67,0,0,21,0,0,0,0,0,0,0,2015-02-27 18:30:00,2015-02-28 07:30:00,13,2015-02-28 01:00:00
"34",2015-02-28,2015-02-28,1899-12-30 07:45:00,1899-12-30 18:00:00,32,0,0,1,0,0,0,0,0,0,0,2015-02-28 07:45:00,2015-02-28 18:00:00,10.25,2015-02-28 12:52:30
"35",2015-02-28,2015-03-01,1899-12-30 18:15:00,1899-12-30 07:30:00,90,0,0,21,0,0,0,0,0,0,0,2015-02-28 18:15:00,2015-03-01 07:30:00,13.25,2015-03-01 00:52:30
"36",2015-03-01,2015-03-02,1899-12-30 18:00:00,1899-12-30 07:30:00,41,0,0,11,0,0,0,0,0,0,0,2015-03-01 18:00:00,2015-03-02 07:30:00,13.5,2015-03-02 00:45:00
"37",2015-03-02,2015-03-03,1899-12-30 18:30:00,1899-12-30 07:30:00,73,0,0,64,0,0,0,0,0,0,0,2015-03-02 18:30:00,2015-03-03 07:30:00,13,2015-03-03 01:00:00
"38",2015-03-03,2015-03-03,1899-12-30 07:40:00,1899-12-30 18:30:00,20,0,0,4,0,0,0,0,0,0,0,2015-03-03 07:40:00,2015-03-03 18:30:00,10.8333333333333,2015-03-03 13:05:00
"39",2015-03-03,2015-03-04,1899-12-30 18:40:00,1899-12-30 07:30:00,124,0,0,91,0,0,0,0,0,0,0,2015-03-03 18:40:00,2015-03-04 07:30:00,12.8333333333333,2015-03-04 01:05:00
"40",2015-03-04,2015-03-05,1899-12-30 18:30:00,1899-12-30 07:30:00,71,0,0,36,0,1,0,0,0,0,0,2015-03-04 18:30:00,2015-03-05 07:30:00,13,2015-03-05 01:00:00
"41",2015-03-05,2015-03-06,1899-12-30 18:30:00,1899-12-30 07:30:00,72,0,0,45,0,1,0,0,0,0,0,2015-03-05 18:30:00,2015-03-06 07:30:00,13,2015-03-06 01:00:00
"42",2015-03-06,2015-03-06,1899-12-30 07:45:00,1899-12-30 17:45:00,12,0,0,5,0,0,0,0,0,0,0,2015-03-06 07:45:00,2015-03-06 17:45:00,10,2015-03-06 12:45:00
"43",2015-03-06,2015-03-07,1899-12-30 18:00:00,1899-12-30 07:30:00,93,0,0,57,0,0,0,0,0,0,0,2015-03-06 18:00:00,2015-03-07 07:30:00,13.5,2015-03-07 00:45:00
"44",2015-03-07,2015-03-08,1899-12-30 18:30:00,1899-12-30 08:00:00,68,0,1,49,0,0,0,0,0,0,0,2015-03-07 18:30:00,2015-03-08 08:00:00,12.5,2015-03-08 00:45:00
"45",2015-03-08,2015-03-09,1899-12-30 19:30:00,1899-12-30 08:30:00,39,0,0,30,0,0,0,1,1,0,0,2015-03-08 19:30:00,2015-03-09 08:30:00,13,2015-03-09 02:00:00
"46",2015-03-09,2015-03-09,1899-12-30 08:40:00,1899-12-30 19:30:00,46,0,0,15,0,0,0,0,0,0,0,2015-03-09 08:40:00,2015-03-09 19:30:00,10.8333333333333,2015-03-09 14:05:00
"47",2015-03-09,2015-03-10,1899-12-30 19:40:00,1899-12-30 08:00:00,31,0,0,28,0,1,0,1,0,0,0,2015-03-09 19:40:00,2015-03-10 08:00:00,12.3333333333333,2015-03-10 01:50:00
"48",2015-03-10,2015-03-11,1899-12-30 19:30:00,1899-12-30 08:00:00,61,0,0,45,0,0,0,0,2,0,0,2015-03-10 19:30:00,2015-03-11 08:00:00,12.5,2015-03-11 01:45:00
"49",2015-03-11,2015-03-12,1899-12-30 19:30:00,1899-12-30 08:00:00,88,0,0,77,0,0,0,0,3,0,0,2015-03-11 19:30:00,2015-03-12 08:00:00,12.5,2015-03-12 01:45:00
"50",2015-03-12,2015-03-12,1899-12-30 08:15:00,1899-12-30 18:45:00,32,0,0,59,0,0,0,0,0,0,6,2015-03-12 08:15:00,2015-03-12 18:45:00,10.5,2015-03-12 13:30:00
"51",2015-03-12,2015-03-13,1899-12-30 19:00:00,1899-12-30 08:15:00,127,0,0,151,0,1,0,0,6,0,0,2015-03-12 19:00:00,2015-03-13 08:15:00,13.25,2015-03-13 01:37:30
"52",2015-03-13,2015-03-14,1899-12-30 19:30:00,1899-12-30 08:15:00,115,0,0,97,0,0,0,0,5,0,3,2015-03-13 19:30:00,2015-03-14 08:15:00,12.75,2015-03-14 01:52:30
"53",2015-03-14,2015-03-15,1899-12-30 19:30:00,1899-12-30 04:30:00,946,0,1,625,4,0,0,1,2,0,0,2015-03-14 19:30:00,2015-03-15 04:30:00,9,2015-03-15 00:00:00
"54",2015-03-15,2015-03-15,1899-12-30 16:00:00,1899-12-30 19:30:00,189,0,0,76,0,0,0,0,1,0,0,2015-03-15 16:00:00,2015-03-15 19:30:00,3.5,2015-03-15 17:45:00
"55",2015-03-15,2015-03-16,1899-12-30 19:40:00,1899-12-30 04:30:00,684,0,0,311,4,0,0,0,3,0,0,2015-03-15 19:40:00,2015-03-16 04:30:00,8.83333333333333,2015-03-16 00:05:00
"56",2015-03-16,2015-03-17,1899-12-30 19:30:00,1899-12-30 08:00:00,379,0,0,212,5,2,0,1,0,0,0,2015-03-16 19:30:00,2015-03-17 08:00:00,12.5,2015-03-17 01:45:00
"57",2015-03-17,2015-03-18,1899-12-30 19:30:00,1899-12-30 08:00:00,160,0,0,184,2,1,0,1,0,0,0,2015-03-17 19:30:00,2015-03-18 08:00:00,12.5,2015-03-18 01:45:00
"58",2015-03-18,2015-03-18,1899-12-30 13:00:00,1899-12-30 19:00:00,35,0,0,64,0,0,0,0,1,0,0,2015-03-18 13:00:00,2015-03-18 19:00:00,6,2015-03-18 16:00:00
"59",2015-03-18,2015-03-19,1899-12-30 19:15:00,1899-12-30 07:30:00,65,0,0,78,0,2,0,0,1,1,0,2015-03-18 19:15:00,2015-03-19 07:30:00,12.25,2015-03-19 01:22:30
"60",2015-03-19,2015-03-20,1899-12-30 19:30:00,1899-12-30 07:30:00,87,0,0,137,2,1,0,1,0,0,0,2015-03-19 19:30:00,2015-03-20 07:30:00,12,2015-03-20 01:30:00
"61",2015-03-20,2015-03-21,1899-12-30 19:30:00,1899-12-30 08:00:00,122,0,0,530,3,0,0,1,0,0,0,2015-03-20 19:30:00,2015-03-21 08:00:00,12.5,2015-03-21 01:45:00
"62",2015-03-21,2015-03-21,1899-12-30 08:10:00,1899-12-30 19:30:00,15,0,0,460,0,0,0,0,0,0,0,2015-03-21 08:10:00,2015-03-21 19:30:00,11.3333333333333,2015-03-21 13:50:00
"63",2015-03-21,2015-03-22,1899-12-30 19:40:00,1899-12-30 08:00:00,295,0,2,1550,11,1,0,1,1,0,0,2015-03-21 19:40:00,2015-03-22 08:00:00,12.3333333333333,2015-03-22 01:50:00
"64",2015-03-22,2015-03-23,1899-12-30 19:40:00,1899-12-30 08:00:00,89,0,0,890,3,0,0,1,0,0,0,2015-03-22 19:40:00,2015-03-23 08:00:00,12.3333333333333,2015-03-23 01:50:00
"65",2015-03-23,2015-03-24,1899-12-30 20:00:00,1899-12-30 08:00:00,107,0,0,944,0,1,0,0,0,0,0,2015-03-23 20:00:00,2015-03-24 08:00:00,12,2015-03-24 02:00:00
"66",2015-03-24,2015-03-25,1899-12-30 20:00:00,1899-12-30 08:00:00,40,0,2,498,2,0,0,0,1,0,0,2015-03-24 20:00:00,2015-03-25 08:00:00,12,2015-03-25 02:00:00
"67",2015-03-25,2015-03-26,1899-12-30 19:30:00,1899-12-30 07:30:00,169,0,1,900,13,2,0,0,0,1,0,2015-03-25 19:30:00,2015-03-26 07:30:00,12,2015-03-26 01:30:00
"68",2015-03-26,2015-03-27,1899-12-30 19:30:00,1899-12-30 07:30:00,71,0,0,520,19,2,0,0,0,0,0,2015-03-26 19:30:00,2015-03-27 07:30:00,12,2015-03-27 01:30:00
"69",2015-03-27,2015-03-28,1899-12-30 20:30:00,1899-12-30 07:30:00,107,0,2,1194,3,2,0,0,0,0,0,2015-03-27 20:30:00,2015-03-28 07:30:00,11,2015-03-28 02:00:00
"70",2015-03-28,2015-03-28,1899-12-30 07:45:00,1899-12-30 20:00:00,91,0,5,1110,3,4,0,0,0,0,0,2015-03-28 07:45:00,2015-03-28 20:00:00,12.25,2015-03-28 13:52:30
"71",2015-03-28,2015-03-29,1899-12-30 20:15:00,1899-12-30 07:30:00,187,0,1,510,38,4,0,1,0,2,0,2015-03-28 20:15:00,2015-03-29 07:30:00,11.25,2015-03-29 01:52:30
"72",2015-03-29,2015-03-30,1899-12-30 20:30:00,1899-12-30 07:30:00,127,0,0,720,9,4,0,0,1,0,0,2015-03-29 20:30:00,2015-03-30 07:30:00,11,2015-03-30 02:00:00
"73",2015-03-30,2015-03-31,1899-12-30 20:00:00,1899-12-30 07:30:00,44,0,0,440,3,2,0,0,0,0,0,2015-03-30 20:00:00,2015-03-31 07:30:00,11.5,2015-03-31 01:45:00
"74",2015-03-31,2015-03-31,1899-12-30 08:00:00,1899-12-30 19:30:00,28,0,0,2540,0,0,0,0,0,0,0,2015-03-31 08:00:00,2015-03-31 19:30:00,11.5,2015-03-31 13:45:00
"75",2015-03-31,2015-04-01,1899-12-30 20:00:00,1899-12-30 07:30:00,53,0,0,910,2,2,0,0,0,0,0,2015-03-31 20:00:00,2015-04-01 07:30:00,11.5,2015-04-01 01:45:00
"76",2015-04-01,2015-04-02,1899-12-30 20:00:00,1899-12-30 07:30:00,33,0,0,630,3,3,0,0,0,0,0,2015-04-01 20:00:00,2015-04-02 07:30:00,11.5,2015-04-02 01:45:00
"77",2015-04-02,2015-04-03,1899-12-30 20:30:00,1899-12-30 07:30:00,14,0,0,260,0,2,0,1,0,0,0,2015-04-02 20:30:00,2015-04-03 07:30:00,11,2015-04-03 02:00:00
"78",2015-04-03,2015-04-03,1899-12-30 07:45:00,1899-12-30 20:00:00,1,0,0,270,0,0,0,0,0,0,0,2015-04-03 07:45:00,2015-04-03 20:00:00,12.25,2015-04-03 13:52:30
"79",2015-04-03,2015-04-04,1899-12-30 20:15:00,1899-12-30 07:30:00,13,0,1,380,0,4,0,1,1,0,0,2015-04-03 20:15:00,2015-04-04 07:30:00,11.25,2015-04-04 01:52:30
"80",2015-04-04,2015-04-05,1899-12-30 20:30:00,1899-12-30 07:30:00,19,0,0,650,0,8,0,1,0,0,0,2015-04-04 20:30:00,2015-04-05 07:30:00,11,2015-04-05 02:00:00
"81",2015-04-05,2015-04-06,1899-12-30 20:30:00,1899-12-30 07:30:00,20,0,0,1910,1,7,0,0,0,0,0,2015-04-05 20:30:00,2015-04-06 07:30:00,11,2015-04-06 02:00:00
"82",2015-04-06,2015-04-06,1899-12-30 08:00:00,1899-12-30 20:15:00,8,0,0,750,0,0,0,0,0,0,0,2015-04-06 08:00:00,2015-04-06 20:15:00,12.25,2015-04-06 14:07:30
"83",2015-04-06,2015-04-07,1899-12-30 20:30:00,1899-12-30 07:30:00,10,0,0,430,0,3,0,0,0,0,0,2015-04-06 20:30:00,2015-04-07 07:30:00,11,2015-04-07 02:00:00
"84",2015-04-07,2015-04-08,1899-12-30 20:30:00,1899-12-30 07:30:00,8,0,0,1630,0,0,6,1,0,1,0,2015-04-07 20:30:00,2015-04-08 07:30:00,11,2015-04-08 02:00:00
"85",2015-04-08,2015-04-09,1899-12-30 20:30:00,1899-12-30 07:30:00,15,0,0,1730,0,6,0,2,0,0,0,2015-04-08 20:30:00,2015-04-09 07:30:00,11,2015-04-09 02:00:00
"86",2015-04-09,2015-04-09,1899-12-30 08:00:00,1899-12-30 20:15:00,0,0,2,430,0,0,0,0,0,0,0,2015-04-09 08:00:00,2015-04-09 20:15:00,12.25,2015-04-09 14:07:30
"87",2015-04-09,2015-04-10,1899-12-30 20:30:00,1899-12-30 07:30:00,18,0,0,820,1,8,0,2,0,0,0,2015-04-09 20:30:00,2015-04-10 07:30:00,11,2015-04-10 02:00:00
"88",2015-04-10,2015-04-11,1899-12-30 20:30:00,1899-12-30 07:30:00,23,0,2,1760,3,14,0,1,0,0,0,2015-04-10 20:30:00,2015-04-11 07:30:00,11,2015-04-11 02:00:00
"89",2015-04-11,2015-04-12,1899-12-30 20:30:00,1899-12-30 07:30:00,33,0,1,840,0,14,0,1,0,0,0,2015-04-11 20:30:00,2015-04-12 07:30:00,11,2015-04-12 02:00:00
"90",2015-04-12,2015-04-12,1899-12-30 08:00:00,1899-12-30 20:00:00,22,0,0,2790,0,0,0,0,0,0,0,2015-04-12 08:00:00,2015-04-12 20:00:00,12,2015-04-12 14:00:00
"91",2015-04-12,2015-04-13,1899-12-30 20:30:00,1899-12-30 07:30:00,27,0,0,1020,4,15,0,3,0,0,0,2015-04-12 20:30:00,2015-04-13 07:30:00,11,2015-04-13 02:00:00
"92",2015-04-13,2015-04-14,1899-12-30 20:30:00,1899-12-30 07:30:00,34,0,0,1890,16,6,0,1,2,0,0,2015-04-13 20:30:00,2015-04-14 07:30:00,11,2015-04-14 02:00:00
"93",2015-04-14,2015-04-15,1899-12-30 20:30:00,1899-12-30 07:30:00,22,0,1,1400,0,16,0,3,0,0,0,2015-04-14 20:30:00,2015-04-15 07:30:00,11,2015-04-15 02:00:00
"94",2015-04-15,2015-04-15,1899-12-30 08:00:00,1899-12-30 20:45:00,5,0,1,550,3,0,0,0,0,0,0,2015-04-15 08:00:00,2015-04-15 20:45:00,12.75,2015-04-15 14:22:30
"95",2015-04-15,2015-04-16,1899-12-30 21:00:00,1899-12-30 07:30:00,8,0,12,870,2,0,0,1,0,0,0,2015-04-15 21:00:00,2015-04-16 07:30:00,10.5,2015-04-16 02:15:00
"96",2015-04-16,2015-04-17,1899-12-30 21:00:00,1899-12-30 07:30:00,2,0,2,560,2,17,0,1,0,1,0,2015-04-16 21:00:00,2015-04-17 07:30:00,10.5,2015-04-17 02:15:00
"97",2015-04-17,2015-04-18,1899-12-30 21:00:00,1899-12-30 07:30:00,4,0,1,640,0,11,0,2,0,0,0,2015-04-17 21:00:00,2015-04-18 07:30:00,10.5,2015-04-18 02:15:00
"98",2015-04-18,2015-04-18,1899-12-30 08:00:00,1899-12-30 20:30:00,2,0,0,210,0,2,0,0,0,0,0,2015-04-18 08:00:00,2015-04-18 20:30:00,12.5,2015-04-18 14:15:00
"99",2015-04-18,2015-04-19,1899-12-30 21:00:00,1899-12-30 07:30:00,0,0,0,340,0,26,0,0,0,1,0,2015-04-18 21:00:00,2015-04-19 07:30:00,10.5,2015-04-19 02:15:00
"100",2015-04-19,2015-04-20,1899-12-30 21:00:00,1899-12-30 07:30:00,8,0,0,130,0,40,0,7,0,4,0,2015-04-19 21:00:00,2015-04-20 07:30:00,10.5,2015-04-20 02:15:00
"101",2015-04-20,2015-04-21,1899-12-30 21:00:00,1899-12-30 07:30:00,9,0,0,370,2,30,0,3,0,0,0,2015-04-20 21:00:00,2015-04-21 07:30:00,10.5,2015-04-21 02:15:00
"102",2015-04-21,2015-04-21,1899-12-30 07:45:00,1899-12-30 21:00:00,1,0,0,110,0,7,0,0,0,0,0,2015-04-21 07:45:00,2015-04-21 21:00:00,13.25,2015-04-21 14:22:30
"103",2015-04-21,2015-04-22,1899-12-30 21:15:00,1899-12-30 07:30:00,16,0,0,1660,4,23,0,5,0,0,2,2015-04-21 21:15:00,2015-04-22 07:30:00,10.25,2015-04-22 02:22:30
"104",2015-04-22,2015-04-23,1899-12-30 21:00:00,1899-12-30 07:30:00,12,0,0,790,4,45,0,0,0,1,0,2015-04-22 21:00:00,2015-04-23 07:30:00,10.5,2015-04-23 02:15:00
"105",2015-04-23,2015-04-24,1899-12-30 21:00:00,1899-12-30 07:30:00,12,0,0,600,2,34,0,0,0,0,0,2015-04-23 21:00:00,2015-04-24 07:30:00,10.5,2015-04-24 02:15:00
"106",2015-04-24,2015-04-24,1899-12-30 08:00:00,1899-12-30 20:30:00,1,0,0,320,0,0,0,0,0,0,0,2015-04-24 08:00:00,2015-04-24 20:30:00,12.5,2015-04-24 14:15:00
"107",2015-04-24,2015-04-25,1899-12-30 21:00:00,1899-12-30 06:30:00,6,0,1,290,3,63,0,4,0,0,0,2015-04-24 21:00:00,2015-04-25 06:30:00,9.5,2015-04-25 01:45:00
"108",2015-04-25,2015-04-26,1899-12-30 21:00:00,1899-12-30 07:30:00,11,0,0,100,1,55,0,9,0,2,0,2015-04-25 21:00:00,2015-04-26 07:30:00,10.5,2015-04-26 02:15:00
"109",2015-04-26,2015-04-27,1899-12-30 21:00:00,1899-12-30 07:00:00,7,0,0,34,2,36,0,3,0,0,0,2015-04-26 21:00:00,2015-04-27 07:00:00,10,2015-04-27 02:00:00
"110",2015-04-27,2015-04-27,1899-12-30 07:30:00,1899-12-30 21:00:00,2,0,0,88,0,6,0,0,0,0,0,2015-04-27 07:30:00,2015-04-27 21:00:00,13.5,2015-04-27 14:15:00
"111",2015-04-27,2015-04-28,1899-12-30 21:15:00,1899-12-30 07:00:00,5,0,0,40,0,108,0,4,0,1,0,2015-04-27 21:15:00,2015-04-28 07:00:00,9.75,2015-04-28 02:07:30
"112",2015-04-28,2015-04-29,1899-12-30 21:00:00,1899-12-30 07:30:00,7,0,0,200,1,118,0,5,0,0,0,2015-04-28 21:00:00,2015-04-29 07:30:00,10.5,2015-04-29 02:15:00
"113",2015-04-29,2015-04-30,1899-12-30 21:00:00,1899-12-30 07:30:00,3,0,0,15,0,55,0,3,0,0,0,2015-04-29 21:00:00,2015-04-30 07:30:00,10.5,2015-04-30 02:15:00
"114",2015-04-30,2015-04-30,1899-12-30 08:00:00,1899-12-30 20:30:00,2,0,0,110,0,0,0,0,0,0,0,2015-04-30 08:00:00,2015-04-30 20:30:00,12.5,2015-04-30 14:15:00
"115",2015-04-30,2015-05-01,1899-12-30 21:00:00,1899-12-30 07:00:00,3,0,0,25,1,46,0,3,0,0,0,2015-04-30 21:00:00,2015-05-01 07:00:00,10,2015-05-01 02:00:00
"116",2015-05-01,2015-05-02,1899-12-30 21:00:00,1899-12-30 07:30:00,4,0,0,12,1,51,0,3,0,1,0,2015-05-01 21:00:00,2015-05-02 07:30:00,10.5,2015-05-02 02:15:00
"117",2015-05-02,2015-05-03,1899-12-30 21:00:00,1899-12-30 07:00:00,1,0,0,0,0,58,0,4,0,0,0,2015-05-02 21:00:00,2015-05-03 07:00:00,10,2015-05-03 02:00:00
"118",2015-05-03,2015-05-03,1899-12-30 07:15:00,1899-12-30 21:00:00,0,0,1,2,0,0,0,0,0,0,0,2015-05-03 07:15:00,2015-05-03 21:00:00,13.75,2015-05-03 14:07:30
"119",2015-05-03,2015-05-04,1899-12-30 21:15:00,1899-12-30 07:00:00,2,0,0,4,1,55,0,1,0,0,0,2015-05-03 21:15:00,2015-05-04 07:00:00,9.75,2015-05-04 02:07:30
"120",2015-05-04,2015-05-05,1899-12-30 21:00:00,1899-12-30 07:00:00,4,0,0,17,0,18,0,0,0,1,0,2015-05-04 21:00:00,2015-05-05 07:00:00,10,2015-05-05 02:00:00
"121",2015-05-05,2015-05-06,1899-12-30 21:00:00,1899-12-30 07:30:00,2,0,1,0,0,82,0,8,0,6,0,2015-05-05 21:00:00,2015-05-06 07:30:00,10.5,2015-05-06 02:15:00
"122",2015-05-06,2015-05-06,1899-12-30 08:00:00,1899-12-30 20:30:00,2,0,0,41,0,1,0,0,0,0,0,2015-05-06 08:00:00,2015-05-06 20:30:00,12.5,2015-05-06 14:15:00
"123",2015-05-06,2015-05-07,1899-12-30 21:00:00,1899-12-30 07:30:00,9,0,0,32,0,111,270,15,0,3,0,2015-05-06 21:00:00,2015-05-07 07:30:00,10.5,2015-05-07 02:15:00
"124",2015-05-07,2015-05-08,1899-12-30 21:00:00,1899-12-30 07:00:00,2,0,0,5,0,102,60,5,0,1,0,2015-05-07 21:00:00,2015-05-08 07:00:00,10,2015-05-08 02:00:00
"125",2015-05-08,2015-05-09,1899-12-30 23:45:00,1899-12-30 07:00:00,3,0,0,7,0,36,6,1,0,0,0,2015-05-08 23:45:00,2015-05-09 07:00:00,7.25,2015-05-09 03:22:30
"126",2015-05-09,2015-05-09,1899-12-30 07:15:00,1899-12-30 21:20:00,3,0,0,0,0,3,0,0,0,0,0,2015-05-09 07:15:00,2015-05-09 21:20:00,14.0833333333333,2015-05-09 14:17:30
"127",2015-05-09,2015-05-10,1899-12-30 21:30:00,1899-12-30 07:00:00,1,0,0,1,0,65,2,7,0,3,0,2015-05-09 21:30:00,2015-05-10 07:00:00,9.5,2015-05-10 02:15:00
"128",2015-05-10,2015-05-11,1899-12-30 21:30:00,1899-12-30 07:00:00,2,0,0,13,0,24,2,1,0,2,0,2015-05-10 21:30:00,2015-05-11 07:00:00,9.5,2015-05-11 02:15:00
"129",2015-05-11,2015-05-12,1899-12-30 21:00:00,1899-12-30 07:30:00,3,0,0,3,0,66,1,10,0,1,0,2015-05-11 21:00:00,2015-05-12 07:30:00,10.5,2015-05-12 02:15:00
"130",2015-05-12,2015-05-12,1899-12-30 08:00:00,1899-12-30 21:00:00,1,0,0,17,0,10,0,0,0,0,0,2015-05-12 08:00:00,2015-05-12 21:00:00,13,2015-05-12 14:30:00
"131",2015-05-12,2015-05-13,1899-12-30 21:15:00,1899-12-30 07:30:00,4,0,2,46,0,75,2,5,0,3,0,2015-05-12 21:15:00,2015-05-13 07:30:00,10.25,2015-05-13 02:22:30
"132",2015-05-13,2015-05-14,1899-12-30 21:00:00,1899-12-30 07:30:00,3,0,0,97,0,35,5,9,0,0,0,2015-05-13 21:00:00,2015-05-14 07:30:00,10.5,2015-05-14 02:15:00
"133",2015-05-14,2015-05-15,1899-12-30 21:30:00,1899-12-30 07:00:00,1,0,0,11,0,65,37,6,0,0,0,2015-05-14 21:30:00,2015-05-15 07:00:00,9.5,2015-05-15 02:15:00
"134",2015-05-15,2015-05-15,1899-12-30 07:15:00,1899-12-30 21:20:00,5,0,0,38,0,7,1,0,0,0,0,2015-05-15 07:15:00,2015-05-15 21:20:00,14.0833333333333,2015-05-15 14:17:30
"135",2015-05-15,2015-05-16,1899-12-30 21:30:00,1899-12-30 07:00:00,3,0,0,3,0,86,40,10,0,1,0,2015-05-15 21:30:00,2015-05-16 07:00:00,9.5,2015-05-16 02:15:00
"136",2015-05-16,2015-05-17,1899-12-30 21:30:00,1899-12-30 07:00:00,14,0,1,13,0,72,17,7,0,1,0,2015-05-16 21:30:00,2015-05-17 07:00:00,9.5,2015-05-17 02:15:00
"137",2015-05-17,2015-05-18,1899-12-30 21:30:00,1899-12-30 07:00:00,5,0,0,2,0,57,10,1,0,1,0,2015-05-17 21:30:00,2015-05-18 07:00:00,9.5,2015-05-18 02:15:00
"138",2015-05-18,2015-05-19,1899-12-30 21:30:00,1899-12-30 07:00:00,9,0,0,10,0,58,12,4,0,0,0,2015-05-18 21:30:00,2015-05-19 07:00:00,9.5,2015-05-19 02:15:00
"139",2015-05-19,2015-05-20,1899-12-30 21:30:00,1899-12-30 07:00:00,10,0,0,28,0,51,9,6,0,0,0,2015-05-19 21:30:00,2015-05-20 07:00:00,9.5,2015-05-20 02:15:00
"140",2015-05-20,2015-05-21,1899-12-30 21:30:00,1899-12-30 07:00:00,31,0,1,740,0,145,21,8,0,0,0,2015-05-20 21:30:00,2015-05-21 07:00:00,9.5,2015-05-21 02:15:00
"141",2015-05-21,2015-05-22,1899-12-30 21:30:00,1899-12-30 06:00:00,15,0,0,29,0,43,9,5,0,0,0,2015-05-21 21:30:00,2015-05-22 06:00:00,8.5,2015-05-22 01:45:00
"142",2015-05-22,2015-05-23,1899-12-30 21:30:00,1899-12-30 07:00:00,11,0,0,11,0,81,7,4,0,0,0,2015-05-22 21:30:00,2015-05-23 07:00:00,9.5,2015-05-23 02:15:00
"143",2015-05-23,2015-05-24,1899-12-30 21:15:00,1899-12-30 07:00:00,30,0,1,5,0,72,2,7,0,1,0,2015-05-23 21:15:00,2015-05-24 07:00:00,9.75,2015-05-24 02:07:30
"144",2015-05-24,2015-05-24,1899-12-30 07:30:00,1899-12-30 21:15:00,11,0,0,14,0,2,0,0,0,0,0,2015-05-24 07:30:00,2015-05-24 21:15:00,13.75,2015-05-24 14:22:30
"145",2015-05-24,2015-05-25,1899-12-30 21:30:00,1899-12-30 07:00:00,30,0,0,6,0,57,4,1,0,0,0,2015-05-24 21:30:00,2015-05-25 07:00:00,9.5,2015-05-25 02:15:00
"146",2015-05-25,2015-05-26,1899-12-30 21:30:00,1899-12-30 07:00:00,8,0,0,4,0,32,3,4,0,0,0,2015-05-25 21:30:00,2015-05-26 07:00:00,9.5,2015-05-26 02:15:00
"147",2015-05-26,2015-05-27,1899-12-30 21:15:00,1899-12-30 07:30:00,6,0,17,3,0,0,2,1,0,0,0,2015-05-26 21:15:00,2015-05-27 07:30:00,10.25,2015-05-27 02:22:30
"148",2015-05-27,2015-05-27,1899-12-30 07:45:00,1899-12-30 21:00:00,4,0,0,1,0,6,0,0,0,0,0,2015-05-27 07:45:00,2015-05-27 21:00:00,13.25,2015-05-27 14:22:30
"149",2015-05-27,2015-05-28,1899-12-30 21:15:00,1899-12-30 07:30:00,4,0,0,1,0,33,0,1,0,0,0,2015-05-27 21:15:00,2015-05-28 07:30:00,10.25,2015-05-28 02:22:30
"150",2015-05-28,2015-05-29,1899-12-30 22:30:00,1899-12-30 07:30:00,3,0,0,6,0,20,1,0,0,1,0,2015-05-28 22:30:00,2015-05-29 07:30:00,9,2015-05-29 03:00:00
"151",2015-05-29,2015-05-30,1899-12-30 21:30:00,1899-12-30 07:30:00,1,0,0,2,0,7,0,1,0,0,0,2015-05-29 21:30:00,2015-05-30 07:30:00,10,2015-05-30 02:30:00
"152",2015-05-30,2015-05-30,1899-12-30 07:45:00,1899-12-30 21:30:00,9,0,0,34,0,4,0,0,0,0,0,2015-05-30 07:45:00,2015-05-30 21:30:00,13.75,2015-05-30 14:37:30
"153",2015-05-30,2015-05-31,1899-12-30 21:45:00,1899-12-30 07:00:00,9,0,0,20,0,55,0,3,0,0,0,2015-05-30 21:45:00,2015-05-31 07:00:00,9.25,2015-05-31 02:22:30
"154",2015-05-31,2015-06-01,1899-12-30 21:30:00,1899-12-30 07:00:00,1,0,0,0,0,16,0,3,0,0,0,2015-05-31 21:30:00,2015-06-01 07:00:00,9.5,2015-06-01 02:15:00
"155",2015-06-01,2015-06-02,1899-12-30 21:30:00,1899-12-30 07:00:00,6,0,0,4,0,6,0,0,0,0,0,2015-06-01 21:30:00,2015-06-02 07:00:00,9.5,2015-06-02 02:15:00
"156",2015-06-02,2015-06-02,1899-12-30 07:15:00,1899-12-30 21:15:00,1,0,0,1,0,4,0,0,0,0,0,2015-06-02 07:15:00,2015-06-02 21:15:00,14,2015-06-02 14:15:00
"157",2015-06-02,2015-06-03,1899-12-30 21:30:00,1899-12-30 07:00:00,4,42,0,5,0,6,1,0,0,0,0,2015-06-02 21:30:00,2015-06-03 07:00:00,9.5,2015-06-03 02:15:00
"158",2015-06-03,2015-06-04,1899-12-30 21:30:00,1899-12-30 07:00:00,13,98,0,5,0,2,0,0,0,0,0,2015-06-03 21:30:00,2015-06-04 07:00:00,9.5,2015-06-04 02:15:00
"159",2015-06-04,2015-06-05,1899-12-30 21:30:00,1899-12-30 07:00:00,7,26,0,2,1,17,1,0,0,0,0,2015-06-04 21:30:00,2015-06-05 07:00:00,9.5,2015-06-05 02:15:00
"160",2015-06-05,2015-06-05,1899-12-30 07:15:00,1899-12-30 21:30:00,5,0,0,1,0,0,0,0,0,0,0,2015-06-05 07:15:00,2015-06-05 21:30:00,14.25,2015-06-05 14:22:30
"161",2015-06-05,2015-06-06,1899-12-30 21:45:00,1899-12-30 07:00:00,10,15,0,3,0,10,0,1,0,0,0,2015-06-05 21:45:00,2015-06-06 07:00:00,9.25,2015-06-06 02:22:30
"162",2015-06-06,2015-06-07,1899-12-30 21:45:00,1899-12-30 07:00:00,3,21,0,2,0,11,0,0,0,0,0,2015-06-06 21:45:00,2015-06-07 07:00:00,9.25,2015-06-07 02:22:30
"163",2015-06-07,2015-06-08,1899-12-30 21:45:00,1899-12-30 07:00:00,2,10,0,2,0,6,0,0,0,0,0,2015-06-07 21:45:00,2015-06-08 07:00:00,9.25,2015-06-08 02:22:30
"164",2015-06-08,2015-06-09,1899-12-30 21:45:00,1899-12-30 07:00:00,5,17,0,1,0,4,0,0,0,0,0,2015-06-08 21:45:00,2015-06-09 07:00:00,9.25,2015-06-09 02:22:30
"165",2015-06-09,2015-06-10,1899-12-30 21:45:00,1899-12-30 06:00:00,3,11,0,6,0,7,0,0,0,0,0,2015-06-09 21:45:00,2015-06-10 06:00:00,8.25,2015-06-10 01:52:30
"166",2015-06-10,2015-06-11,1899-12-30 21:45:00,1899-12-30 07:00:00,2,8,0,4,0,3,0,0,0,0,0,2015-06-10 21:45:00,2015-06-11 07:00:00,9.25,2015-06-11 02:22:30
"167",2015-06-11,2015-06-11,1899-12-30 07:15:00,1899-12-30 21:45:00,6,8,0,1,0,1,0,0,0,0,0,2015-06-11 07:15:00,2015-06-11 21:45:00,14.5,2015-06-11 14:30:00
"168",2015-06-11,2015-06-12,1899-12-30 22:00:00,1899-12-30 07:00:00,2,7,0,3,0,1,0,0,0,0,0,2015-06-11 22:00:00,2015-06-12 07:00:00,9,2015-06-12 02:30:00
"169",2015-06-12,2015-06-13,1899-12-30 23:00:00,1899-12-30 07:00:00,1,8,0,4,0,2,0,0,0,0,0,2015-06-12 23:00:00,2015-06-13 07:00:00,8,2015-06-13 03:00:00
"170",2015-06-13,2015-06-14,1899-12-30 21:45:00,1899-12-30 07:00:00,3,6,0,2,1,2,0,0,0,0,0,2015-06-13 21:45:00,2015-06-14 07:00:00,9.25,2015-06-14 02:22:30
"171",2015-06-14,2015-06-14,1899-12-30 07:30:00,1899-12-30 21:30:00,1,2,0,0,0,0,0,0,0,0,0,2015-06-14 07:30:00,2015-06-14 21:30:00,14,2015-06-14 14:30:00
"172",2015-06-14,2015-06-15,1899-12-30 21:45:00,1899-12-30 07:00:00,6,10,0,1,0,2,0,0,0,0,0,2015-06-14 21:45:00,2015-06-15 07:00:00,9.25,2015-06-15 02:22:30
"173",2015-06-15,2015-06-16,1899-12-30 21:45:00,1899-12-30 07:00:00,5,8,0,1,1,2,0,0,0,0,0,2015-06-15 21:45:00,2015-06-16 07:00:00,9.25,2015-06-16 02:22:30
"174",2015-06-16,2015-06-17,1899-12-30 22:00:00,1899-12-30 07:00:00,2,9,0,0,0,1,0,0,0,0,0,2015-06-16 22:00:00,2015-06-17 07:00:00,9,2015-06-17 02:30:00
"175",2015-06-17,2015-06-17,1899-12-30 07:10:00,1899-12-30 21:40:00,0,0,0,0,0,0,0,0,0,0,0,2015-06-17 07:10:00,2015-06-17 21:40:00,14.5,2015-06-17 14:25:00
"176",2015-06-17,2015-06-18,1899-12-30 21:55:00,1899-12-30 07:00:00,0,12,9,2,0,1,0,0,0,0,0,2015-06-17 21:55:00,2015-06-18 07:00:00,9.08333333333333,2015-06-18 02:27:30
"177",2015-06-18,2015-06-19,1899-12-30 22:00:00,1899-12-30 07:00:00,0,2,0,4,0,0,0,0,0,0,0,2015-06-18 22:00:00,2015-06-19 07:00:00,9,2015-06-19 02:30:00
"178",2015-06-19,2015-06-20,1899-12-30 22:00:00,1899-12-30 07:00:00,3,9,2,0,1,1,0,0,0,0,0,2015-06-19 22:00:00,2015-06-20 07:00:00,9,2015-06-20 02:30:00
"179",2015-06-20,2015-06-20,1899-12-30 07:30:00,1899-12-30 21:45:00,3,2,0,0,0,0,0,0,0,0,0,2015-06-20 07:30:00,2015-06-20 21:45:00,14.25,2015-06-20 14:37:30
"180",2015-06-20,2015-06-21,1899-12-30 22:00:00,1899-12-30 07:00:00,2,5,0,0,0,0,0,0,0,0,0,2015-06-20 22:00:00,2015-06-21 07:00:00,9,2015-06-21 02:30:00
"181",2015-06-21,2015-06-22,1899-12-30 22:00:00,1899-12-30 05:30:00,2,7,0,0,0,0,0,0,0,0,0,2015-06-21 22:00:00,2015-06-22 05:30:00,7.5,2015-06-22 01:45:00
"182",2015-06-22,2015-06-23,1899-12-30 22:00:00,1899-12-30 07:00:00,2,2,0,0,0,1,0,0,0,0,0,2015-06-22 22:00:00,2015-06-23 07:00:00,9,2015-06-23 02:30:00
"183",2015-06-23,2015-06-24,1899-12-30 22:00:00,1899-12-30 07:00:00,1,2,0,3,0,0,0,0,0,0,0,2015-06-23 22:00:00,2015-06-24 07:00:00,9,2015-06-24 02:30:00
"184",2015-06-24,2015-06-24,1899-12-30 07:10:00,1899-12-30 22:00:00,0,1,0,0,0,0,0,0,0,0,0,2015-06-24 07:10:00,2015-06-24 22:00:00,14.8333333333333,2015-06-24 14:35:00
"185",2015-06-24,2015-06-25,1899-12-30 22:20:00,1899-12-30 07:00:00,2,2,0,0,0,0,0,0,0,0,0,2015-06-24 22:20:00,2015-06-25 07:00:00,8.66666666666667,2015-06-25 02:40:00
"186",2015-06-25,2015-06-26,1899-12-30 22:00:00,1899-12-30 07:00:00,2,5,0,0,2,0,0,0,0,0,0,2015-06-25 22:00:00,2015-06-26 07:00:00,9,2015-06-26 02:30:00
"187",2015-06-26,2015-06-26,1899-12-30 07:30:00,1899-12-30 22:00:00,0,2,0,0,0,0,0,0,0,1,0,2015-06-26 07:30:00,2015-06-26 22:00:00,14.5,2015-06-26 14:45:00
"188",2015-06-26,2015-06-27,1899-12-30 22:15:00,1899-12-30 07:00:00,1,8,0,0,0,0,0,0,0,0,0,2015-06-26 22:15:00,2015-06-27 07:00:00,8.75,2015-06-27 02:37:30
"189",2015-06-27,2015-06-28,1899-12-30 22:00:00,1899-12-30 07:00:00,1,3,0,0,0,0,0,0,0,0,0,2015-06-27 22:00:00,2015-06-28 07:00:00,9,2015-06-28 02:30:00
"190",2015-06-28,2015-06-29,1899-12-30 22:00:00,1899-12-30 07:00:00,9,20,0,0,0,1,0,0,0,0,0,2015-06-28 22:00:00,2015-06-29 07:00:00,9,2015-06-29 02:30:00
"191",2015-06-29,2015-06-29,1899-12-30 07:15:00,1899-12-30 21:45:00,21,14,0,0,1,0,0,0,0,0,0,2015-06-29 07:15:00,2015-06-29 21:45:00,14.5,2015-06-29 14:30:00
"192",2015-06-29,2015-06-30,1899-12-30 22:00:00,1899-12-30 07:00:00,4,0,0,0,2,2,0,0,0,0,0,2015-06-29 22:00:00,2015-06-30 07:00:00,9,2015-06-30 02:30:00
"193",2015-06-30,2015-07-01,1899-12-30 22:00:00,1899-12-30 06:30:00,24,56,0,1,3,2,0,0,0,0,0,2015-06-30 22:00:00,2015-07-01 06:30:00,8.5,2015-07-01 02:15:00
"194",2015-07-01,2015-07-02,1899-12-30 22:00:00,1899-12-30 07:00:00,5,31,0,0,5,0,0,0,0,0,0,2015-07-01 22:00:00,2015-07-02 07:00:00,9,2015-07-02 02:30:00
"195",2015-07-02,2015-07-02,1899-12-30 07:15:00,1899-12-30 21:45:00,5,7,0,0,0,0,0,0,0,0,0,2015-07-02 07:15:00,2015-07-02 21:45:00,14.5,2015-07-02 14:30:00
"196",2015-07-02,2015-07-03,1899-12-30 22:00:00,1899-12-30 06:00:00,3,8,0,0,3,0,0,0,0,0,0,2015-07-02 22:00:00,2015-07-03 06:00:00,8,2015-07-03 02:00:00
"197",2015-07-05,2015-07-06,1899-12-30 21:45:00,1899-12-30 07:00:00,0,0,0,0,1,0,0,0,0,0,0,2015-07-05 21:45:00,2015-07-06 07:00:00,9.25,2015-07-06 02:22:30
"198",2015-07-06,2015-07-06,1899-12-30 07:15:00,1899-12-30 21:55:00,0,0,0,0,0,0,0,0,0,0,0,2015-07-06 07:15:00,2015-07-06 21:55:00,14.6666666666667,2015-07-06 14:35:00
"199",2015-07-06,2015-07-07,1899-12-30 22:05:00,1899-12-30 07:00:00,1,1,0,0,0,0,0,0,0,0,0,2015-07-06 22:05:00,2015-07-07 07:00:00,8.91666666666667,2015-07-07 02:32:30
"200",2015-07-07,2015-07-08,1899-12-30 22:00:00,1899-12-30 07:30:00,0,0,0,0,0,0,0,0,0,0,0,2015-07-07 22:00:00,2015-07-08 07:30:00,9.5,2015-07-08 02:45:00
"201",2015-07-08,2015-07-09,1899-12-30 22:00:00,1899-12-30 07:00:00,1,0,0,0,1,0,0,0,0,0,0,2015-07-08 22:00:00,2015-07-09 07:00:00,9,2015-07-09 02:30:00
"202",2015-07-11,2015-07-12,1899-12-30 22:00:00,1899-12-30 07:00:00,2,0,0,0,1,0,0,0,0,0,0,2015-07-11 22:00:00,2015-07-12 07:00:00,9,2015-07-12 02:30:00
"203",2015-07-12,2015-07-13,1899-12-30 22:00:00,1899-12-30 07:30:00,2,1,0,0,0,0,0,0,0,0,0,2015-07-12 22:00:00,2015-07-13 07:30:00,9.5,2015-07-13 02:45:00
